iteration,elapsed time,mean reward,stddev reward,min reward,max reward
0,0.013037121295928955,60.76807221055031,32.07294098413877,0.0,91.55025482177734
100,1.0229280591011047,127.22534390062094,91.9999647092656,0.0,418.8404541015625
200,2.049089761575063,132.48079588532448,87.25317291410154,0.9876456260681152,400.5882873535156
300,3.096560291449229,141.49803223967552,96.63945736487928,0.0,423.40191650390625
400,4.1384166518847145,129.74274554669856,92.62017296758525,0.0,378.2084045410156
500,5.17383041381836,121.69459310352802,85.18469782778556,1.9292055368423462,350.2243957519531
600,6.24057004849116,141.53787035942076,95.53881114921548,0.9870030879974365,395.1286315917969
700,7.311903830369314,128.18142311513424,92.90706130247233,0.0,349.5124816894531
800,8.378986100355784,131.24712966322898,92.75249512891799,0.9779573678970337,411.7750244140625
900,9.448432596524556,138.24178681492805,90.31563261174743,0.9913934469223022,392.4293518066406
1000,10.509057029088337,146.7667625784874,97.81927898949168,1.9139165878295898,373.57733154296875
1100,11.60387379725774,138.95162130475043,96.0886460396657,1.9265093803405762,359.93701171875
1200,12.678094824155172,138.5939918220043,93.6291156532583,0.0,345.5484924316406
1300,13.775579142570496,130.89219223856927,95.88766762730924,2.6937854290008545,379.0210266113281
1400,14.878159658114116,140.0635109075904,93.39129040670585,0.9892799258232117,366.5264587402344
1500,15.949211049079896,125.75658532202243,91.29968269135337,0.9636791944503784,362.83721923828125
1600,17.021308286984763,134.94390466034412,95.28133849282038,0.0,380.48455810546875
1700,18.072720646858215,118.30490673303603,90.29336163200729,0.9939777851104736,346.7107849121094
1800,19.12532653013865,133.62207908868788,94.36154256398578,0.9613752365112305,395.0950927734375
1900,20.180019549528758,141.642008112669,100.99063764985247,2.7700765132904053,406.0120849609375
2000,21.25225639740626,137.60568060219288,90.68549616254282,0.9776030778884888,378.52703857421875
2100,22.330463218688966,130.02219335138798,92.57921230755333,1.9316538572311401,378.69964599609375
2200,23.398743704954782,144.8570776951313,96.71789864998514,2.7573888301849365,411.11846923828125
2300,24.46381810506185,127.67444591373206,93.22042823425704,0.966789186000824,415.0580139160156
2400,25.522251462936403,128.52903544843196,95.41334328991039,0.9596811532974243,376.3471984863281
2500,26.608689514795937,139.98352608680725,99.07444436687564,0.9913936853408813,384.50164794921875
2600,27.72064097325007,134.32794995605946,90.79691707157679,1.8270756006240845,376.02313232421875
2700,28.80893870194753,132.4261288690567,91.07331694682418,0.9938983917236328,406.5154724121094
2800,29.90414890050888,139.6805085617304,93.84996308942156,0.9854906797409058,392.384033203125
2900,31.02487870454788,148.77627919197081,94.48799602903934,0.0,374.7869567871094
3000,32.07312539021174,141.9483217048645,96.26182450575315,0.9772558212280273,370.1389465332031
3100,33.14855021635692,133.1917784714699,93.5543754163574,1.8925650119781494,348.5970764160156
3200,34.22830410798391,142.73341516256332,91.200388385937,4.557038307189941,395.999267578125
3300,35.3088330467542,152.3787310385704,98.63477624177895,2.801440477371216,370.4950256347656
3400,36.39331869681676,130.34070272505284,97.10067843649016,0.9609510898590088,422.4974670410156
3500,37.44876151879628,134.68936133921147,99.75887991414571,1.9068193435668945,387.7342834472656
3600,38.51618265708287,141.36884657382964,92.40757846448724,4.655377388000488,405.3605651855469
3700,39.58692291180293,132.75367223739624,96.73658500444965,2.819033622741699,384.36505126953125
3800,40.6627409140269,125.66457144081592,91.6271969596852,0.9834043979644775,409.20855712890625
3900,41.72492533524831,147.9192017698288,96.94086912863266,2.858236789703369,413.3254699707031
4000,42.78417457739512,133.2242870247364,92.86896096630583,3.7783548831939697,366.0908203125
4100,43.86754382451375,135.06849766373634,98.60800754174743,2.8295738697052,393.5716857910156
4200,44.96479865312576,139.33534495532513,95.12987612853601,0.9513212442398071,363.1226806640625
4300,46.063818887869516,142.77700954020023,101.34295058351373,1.9002472162246704,411.057373046875
4400,47.15195808410645,139.60656996130945,91.94938922517959,3.7874605655670166,405.0646667480469
4500,48.22031708558401,138.77007370114328,94.58107507585454,1.9444458484649658,412.33026123046875
4600,49.29556132952372,142.4702094912529,93.38296434248653,4.711635589599609,362.1541442871094
4700,50.374531288941704,133.14676289111375,97.49934634687898,0.9832802414894104,397.69683837890625
4800,51.43818879922231,134.9506790447235,93.04379615447853,2.8453316688537598,395.82330322265625
4900,52.5249156276385,148.8257571876049,109.39756417137632,0.0,403.6663818359375
5000,53.6065029501915,138.84826862990857,98.22226186814363,0.9865527153015137,388.853515625
5100,54.660666755835216,147.83596284031867,93.08899560415657,0.9926769733428955,357.8375244140625
5200,55.71960388024648,142.29893560767175,95.62042439888747,2.8394880294799805,407.0692443847656
5300,56.78608947992325,143.32463826596737,99.0118559157486,0.9831070899963379,371.9135437011719
5400,57.846441392103834,144.25497376680374,98.72554389536452,0.975139856338501,375.4065246582031
5500,58.93305597702662,137.91780864477158,88.42697069859557,4.724292278289795,398.0819396972656
5600,60.01955687204997,152.21599446564912,100.3347207172371,0.9926281571388245,419.01556396484375
5700,61.099266374111174,133.5680325639248,95.31106987592028,0.973416805267334,422.8619079589844
5800,62.16772116025289,131.61866657555103,99.58755206050022,1.888231873512268,389.5899353027344
5900,63.24293736219406,142.84590876400472,96.2862649312229,1.8894308805465698,414.4172668457031
6000,64.31175634463628,130.92325095802545,93.68470140267588,0.9872954487800598,384.26904296875
6100,65.3949403643608,137.91141370296478,94.32150427248757,1.8342257738113403,374.5968017578125
6200,66.4610072851181,136.5713455760479,90.79962304598136,1.883239984512329,397.9317932128906
6300,67.5467766960462,141.7116217648983,106.57783297727245,1.9052789211273193,411.2201232910156
6400,68.6385490934054,145.87865230679512,96.87146964039736,3.625920057296753,398.258544921875
6500,69.71394118865331,139.5460197764635,95.81895078764225,0.9794908761978149,433.4083251953125
6600,70.78480900923411,136.21051655113698,96.12992258451118,0.9849190711975098,377.2641296386719
6700,71.8597696741422,145.97487550973892,100.21260354941364,1.8913946151733398,413.71038818359375
6800,72.92389220396677,135.00156563609838,94.4461587255596,0.953784167766571,424.5647277832031
6900,73.98709572156271,119.95118745148181,85.98164924712425,0.9877786636352539,397.5841369628906
7000,75.07224679787954,145.7142194122076,106.46267067022661,1.9032928943634033,411.30291748046875
7100,76.13233808279037,139.94719015747307,104.32741246156037,0.9584706425666809,389.4436950683594
7200,77.20245043039321,139.88973752081395,98.24805371647436,0.9717252254486084,401.5520935058594
7300,78.27708221673966,129.7055389097333,92.95459838408362,0.9787452220916748,370.353515625
7400,79.34142577250799,131.42563169836998,94.9232398545732,2.8173489570617676,356.5393371582031
7500,80.40435347159703,144.9209795075655,96.91981517780442,0.9780454635620117,404.8551940917969
7600,81.49038384755453,136.74743358433247,95.97696638125795,0.9655622243881226,385.57666015625
7700,82.5655277689298,146.02889459848404,97.41036634949185,6.441897869110107,394.3135986328125
7800,83.63035280307135,138.06027649879456,96.40456774210377,0.9844704866409302,390.1448974609375
7900,84.69758846362431,141.05366570949553,95.15960352685414,0.9856675863265991,385.71282958984375
8000,85.78050336440404,137.6495999777317,94.88275982231382,0.9838790893554688,396.7462463378906
8100,86.82638349135716,133.9537867718935,95.96594840673944,0.9837323427200317,385.71710205078125
8200,87.89699463844299,144.01136611640453,98.32464671177786,0.9848711490631104,389.8179931640625
8300,88.97387358744939,130.87483613848687,96.05182271971843,1.9383375644683838,377.5256652832031
8400,90.03119996388753,146.46273841142656,97.63502804223647,2.7637481689453125,378.2197570800781
8500,91.07637322346369,134.56601692080497,95.92963129939443,2.757594108581543,406.8690490722656
8600,92.1340281565984,139.05217096328735,103.63545962207547,0.9725469946861267,429.8231201171875
8700,93.18007445335388,135.42458369731904,95.89720776317216,1.9264419078826904,377.3777770996094
8800,94.24254135688146,140.2224240553379,99.83341164162347,0.9587153196334839,389.9571533203125
8900,95.29721693992614,141.64896609514952,97.225401877156,0.9890939593315125,407.4549255371094
9000,96.3473614692688,136.81533316373825,95.66383713474744,3.7891407012939453,366.1172790527344
9100,97.4139937321345,144.90171476483346,102.46118271327377,1.92995285987854,384.6475524902344
9200,98.48495904207229,126.71576057195664,89.62189123114997,0.9912700653076172,386.572265625
9300,99.5408409913381,133.03156961530448,93.83436171314483,0.9924020171165466,388.8531188964844
9400,100.6223148504893,130.63209228515626,93.17301930394957,0.983113169670105,402.7344055175781
9500,101.68676018317541,133.48912528157234,96.14951696751659,0.9683343172073364,371.55181884765625
9600,102.75517116387685,133.09562650561332,93.17755718371721,2.908825159072876,393.14202880859375
9700,103.82394977410634,139.16715885818004,98.60521880186549,0.9856326580047607,416.5768737792969
9800,104.9137586514155,143.75883294165135,109.04430149426399,0.9884384870529175,380.7337646484375
9900,106.00205065011978,127.34156327962876,98.61855125068372,0.9665663242340088,398.674072265625
10000,107.07154832283656,145.4787077087164,102.13880479549081,1.8960195779800415,371.6790466308594
10100,108.13772703409195,140.75610310673713,97.07479091983892,0.995110273361206,398.73480224609375
10200,109.20325320959091,138.76060608088972,100.20466933468782,0.9862131476402283,392.1307373046875
10300,110.26682522296906,141.08550243198871,91.75984061191845,0.9744702577590942,430.1878662109375
10400,111.34063764015833,135.69694748580457,94.09703643149243,1.8752914667129517,410.7897644042969
10500,112.41423261562983,138.52637324631215,101.77466709208028,1.8966926336288452,406.80780029296875
10600,113.5016664505005,124.92962218344212,98.24888431827432,0.9825338125228882,379.5480041503906
10700,114.57470007737477,139.0367112714052,98.41644152383763,1.8764883279800415,394.0782775878906
10800,115.66742052634557,135.15356900930405,95.13059869541252,0.9823102951049805,419.90203857421875
10900,116.7575736284256,139.94172615975143,93.66510684897573,0.9810395836830139,375.52484130859375
11000,117.88523803949356,133.6367637836933,94.03581128340353,1.7971413135528564,370.166259765625
11100,118.99715977509817,128.66948459148406,97.91613998665909,0.0,421.9281311035156
11200,120.10693779389064,141.91037447094917,100.51361190462916,1.9027984142303467,409.0489807128906
11300,121.17781520287195,141.52252384603023,103.75620065024602,0.9674550294876099,375.71258544921875
11400,122.26243458588918,139.76922985196114,97.7439253799366,1.8860669136047363,400.49041748046875
11500,123.32352515061696,141.362815335989,99.42930027561727,0.0,409.7314147949219
11600,124.39355205694834,128.40748296350242,94.89297338653043,0.0,391.74993896484375
11700,125.47927480538686,129.40389399170874,100.19861638140532,0.0,425.3194274902344
11800,126.55399370193481,143.4355849826336,100.60941324067649,1.920609951019287,382.95941162109375
11900,127.62054246664047,132.61649011552333,100.09103462249591,0.0,379.2375793457031
12000,128.69207850694656,133.78690256118773,95.5016999712771,0.990679144859314,408.3907165527344
12100,129.755403594176,144.421929063797,95.94446696923322,2.8018527030944824,390.5078430175781
12200,130.8400196949641,135.67463985711336,92.96055544720045,0.9857382774353027,392.0740966796875
12300,131.9239021817843,147.06808890104293,99.48328269576552,3.7993335723876953,377.66143798828125
12400,132.98927556673686,143.43213612377644,94.35957721991849,0.9970964193344116,391.8283386230469
12500,134.051811337471,140.45087172210216,101.42584373153734,1.889093279838562,395.7794189453125
12600,135.14608509540557,146.32540201961993,95.69855776260994,0.0,363.70361328125
12700,136.20830980936685,143.97978554725648,100.81171122588927,0.981603741645813,407.63116455078125
12800,137.27802405754724,138.15254104673863,92.31501809308116,1.890074610710144,353.401611328125
12900,138.35277063449223,143.6348377352953,105.08349396599277,0.9919297695159912,395.3564147949219
13000,139.421106727918,144.39855187654496,105.94262116304988,1.9276292324066162,379.8462219238281
13100,140.49585127830505,140.87223773479462,100.85993199434495,0.9914416074752808,392.2112121582031
13200,141.56393816073737,148.49434887111187,104.02253842713195,1.8686054944992065,430.3407897949219
13300,142.65411491394042,135.87878765165806,95.56562006904791,0.972434401512146,401.3258056640625
13400,143.73513536850612,135.7982335782051,94.01613729663346,0.9920637607574463,387.37139892578125
13500,144.82014625867208,122.15865798771381,91.9758472992008,1.9404255151748657,375.359130859375
13600,145.9036779443423,135.08248973846435,94.94672626860249,1.9038722515106201,381.2174072265625
13700,146.9963700135549,126.87608731985092,93.00723733048127,0.0,421.9169921875
13800,148.08158756097157,128.06464928984641,92.82127423974052,2.8034892082214355,357.4248046875
13900,149.1570105075836,146.43828016281128,100.0560501006493,0.980038046836853,421.03204345703125
14000,150.23681438366572,124.35268985241652,93.53374424278059,0.965164840221405,372.1836853027344
14100,151.3027683854103,150.46276973187923,107.42229460647553,1.9066283702850342,410.2597961425781
14200,152.38274710178376,146.98691336870195,98.40370851644882,0.9860200881958008,407.6024169921875
14300,153.45234710772831,138.31030136942863,100.1712986528937,0.9853577613830566,369.6215515136719
14400,154.55149443944296,135.89037541806698,98.30820060209463,0.9814490079879761,371.12005615234375
14500,155.63894799550374,142.03702337920666,93.74087325994043,0.984018087387085,396.37091064453125
14600,156.70052873690923,141.0268461918831,99.68559200882095,4.604138374328613,391.69805908203125
14700,157.74365879297255,139.59476083874702,94.54301967804366,0.9823071956634521,411.2018737792969
14800,158.78200107018154,148.5252397197485,98.86292946923501,0.9868675470352173,402.1131591796875
14900,159.83619264761606,132.67450288563967,102.41228515662134,0.987721860408783,386.315185546875
15000,160.89797497987746,141.99814975738525,97.58245091324834,1.8972795009613037,394.75579833984375
15100,161.96464207569758,142.40661267966033,97.60108103747821,0.9779341816902161,422.4248352050781
15200,163.01858777999877,154.99609244823455,97.23090680817992,6.479033470153809,382.32135009765625
15300,164.0729472398758,145.97251724720002,95.1922463291537,0.9813635349273682,368.8055114746094
15400,165.1441349784533,133.19125617593528,97.59601392790934,0.9874143004417419,384.71728515625
15500,166.21943004131316,145.35009981364013,103.50411692697315,0.9655693769454956,412.69171142578125
15600,167.30582784016926,128.78285516381263,87.87430785710659,1.8981778621673584,373.1954650878906
15700,168.3942981203397,133.45156076788902,94.96319793212562,0.9893914461135864,407.4089050292969
15800,169.4616820335388,143.70156030356884,99.54434781283365,1.851061224937439,392.9676818847656
15900,170.51881800492603,138.214991145432,100.34932892063291,0.9803748726844788,402.45361328125
16000,171.58739552497863,133.80001393437385,96.28752517038807,2.788301467895508,389.0349426269531
16100,172.6666013479233,157.28541341662407,105.15728072993979,3.667726755142212,405.7897644042969
16200,173.75095499356587,149.24757648438217,94.37048378685557,0.9845852255821228,361.8828430175781
16300,174.82114523649216,141.13399452805518,95.03788280907395,2.830064296722412,377.3958435058594
16400,175.8869307200114,146.70652300357818,89.93475626896117,4.739035129547119,403.6724853515625
16500,176.96332733233768,150.0819641649723,103.85550521552555,1.8207168579101562,387.1656799316406
16600,178.027775935332,149.2138785380125,97.98353593641396,0.986067533493042,402.2034606933594
16700,179.10241799751918,142.7491939714551,101.6394374879463,0.9745693206787109,395.8012390136719
16800,180.1569838563601,133.34453790575265,101.28367494750209,0.9818233847618103,387.6283264160156
16900,181.22590599457422,138.88802827745675,94.78421475991031,0.9812565445899963,376.8901672363281
17000,182.30755885839463,126.62510958433151,92.5961300742275,1.8821072578430176,349.08135986328125
17100,183.36954989035925,138.9087696224451,90.84126874619199,0.9781721830368042,384.9205627441406
17200,184.45553330977756,138.9425391960144,101.94982695865193,0.9844970703125,394.1039123535156
17300,185.5415473818779,133.76689038753508,94.96628787646215,3.846364974975586,408.0152587890625
17400,186.62896668513616,130.93261841922998,99.53540233200383,0.9742293953895569,377.4925842285156
17500,187.70802909930546,149.7448159468174,98.78341500010279,2.9197885990142822,369.7975769042969
17600,188.79372751315435,129.98889092206954,96.16134920579745,0.0,388.712158203125
17700,189.87814461390178,147.14638409733772,99.28773021556619,2.817959785461426,414.7505187988281
17800,190.95020400285722,151.14391396820545,99.26405870598875,0.983099102973938,399.0148010253906
17900,192.00630399386088,145.20229350984096,98.65001834241485,1.8592259883880615,378.719482421875
18000,193.08027937809626,131.20945602715017,99.50821531218921,0.9869297742843628,425.2189025878906
18100,194.14965572357178,132.36067702621222,96.90127755457006,0.9716575741767883,416.3366394042969
18200,195.2392047405243,136.61394075453282,97.58313741977963,1.852596402168274,410.3576965332031
18300,196.3062383413315,127.94880085349082,96.19466045725878,1.8396143913269043,398.5893249511719
18400,197.37296591202417,136.1469311732054,97.13066832771167,0.9584832191467285,409.6726989746094
18500,198.431926548481,140.11141630768776,93.6273298146406,2.8216183185577393,407.5729675292969
18600,199.48644175132117,141.08054021894932,95.17443421905318,1.9289953708648682,379.1990051269531
18700,200.5655822356542,128.83789231419564,95.30840053862808,1.8535208702087402,387.5170593261719
18800,201.63367302417754,134.54960719645024,94.95994852553831,0.0,398.2789611816406
18900,202.70193671782812,143.94799812972545,96.1489902658866,1.9464081525802612,371.92193603515625
19000,203.75229176680247,150.62559041142464,97.62994392459572,3.7286064624786377,404.2047119140625
19100,204.80230915546417,138.54275853455067,94.55051918219326,0.9921294450759888,382.9037780761719
19200,205.8766584833463,128.4080005005002,92.63549408168322,0.9638764262199402,384.4647216796875
19300,206.9372863372167,135.1594248133898,98.06896915499225,1.8566428422927856,421.6596374511719
19400,208.00712597370148,144.6340239572525,92.13018825712831,0.0,397.3147277832031
19500,209.0703588525454,129.99435769200326,91.99618757101965,0.992448091506958,404.02716064453125
19600,210.1490993142128,137.40319984138011,94.64706311534972,1.9114798307418823,390.2939453125
19700,211.2181884845098,161.78407098293303,99.58503486579019,3.688998222351074,389.7381896972656
19800,212.31411734024684,135.27740174204112,99.5923061192322,0.0,400.4124450683594
19900,213.40154713392258,150.45174330949783,94.85787332512285,0.9894117116928101,383.6111755371094
20000,214.45973603725434,142.61880042016506,99.2533952471981,0.9914661645889282,382.8437194824219
20100,215.53178356488544,133.38027298688888,90.39259774272391,2.840446949005127,407.3927001953125
20200,216.5786379098892,147.42392258524896,99.2851473685662,1.9519233703613281,382.1078186035156
20300,217.6642161687215,144.05264345288276,95.40981595197765,1.8541278839111328,419.883056640625
20400,218.7428063472112,137.9969669008255,98.9563020658994,0.9850246906280518,389.3845520019531
20500,219.836301056544,138.65562330573798,94.64628501109986,0.9818829894065857,396.7259826660156
20600,220.91307665507,138.92063524603844,93.97183552619971,2.849215269088745,417.3529052734375
20700,221.99761405785878,154.59446533322335,105.56795044808509,1.9267733097076416,404.9521484375
20800,223.06287781000137,142.316554248631,102.13618844976664,0.9729345440864563,411.87603759765625
20900,224.1160053730011,145.613248924613,99.90045164199704,0.9876514077186584,396.4340515136719
21000,225.18916909297306,137.63433504223823,98.47634293754378,2.7352144718170166,394.3626403808594
21100,226.25987131992977,140.1625504529476,93.27285563987371,0.9927009344100952,356.46240234375
21200,227.3409746646881,121.87848784089088,89.16961319726907,0.9908003807067871,334.51275634765625
21300,228.42154203653337,141.13844102740288,102.48194990568696,1.8729519844055176,403.50970458984375
21400,229.49726681311924,148.3150859194994,99.62734184616464,1.8911863565444946,401.5146179199219
21500,230.57967979510624,130.70384170651437,96.16174368283207,0.0,354.8353576660156
21600,231.66460403203965,144.53179903864861,103.80698079226377,1.8978791236877441,401.843505859375
21700,232.73691127300262,144.6795520424843,100.88650820867316,0.9927124977111816,386.9248962402344
21800,233.80472352902095,139.18868510007857,95.01657146441826,0.9916563034057617,388.9769287109375
21900,234.86316555341085,143.60898601055146,97.68091561750266,3.6656293869018555,385.78814697265625
22000,235.93832974036533,133.85052302777768,92.59374376452647,1.9032539129257202,375.2397766113281
22100,236.9970249692599,131.15348779320718,91.99045009247223,0.9826780557632446,416.9449462890625
22200,238.0635556658109,139.94536050975321,98.52525223727972,0.955499529838562,415.4132080078125
22300,239.13614282210668,131.6233888760209,94.35860860777608,0.9882993102073669,370.0413818359375
22400,240.19804871877034,141.11514111042024,92.44060206796341,4.618319511413574,381.753173828125
22500,241.26343403657276,126.45389414161444,91.5888058060696,0.0,401.3608703613281
22600,242.3581546107928,136.86068799436092,95.70978309021093,0.9572321176528931,381.6354064941406
22700,243.42167384227116,148.79144636392593,99.42711256509098,2.8059914112091064,398.753173828125
22800,244.48525992234548,139.73902566194533,100.7047547857704,1.9413213729858398,384.0094909667969
22900,245.56517249743143,129.3260717499256,90.06497997267415,2.8174147605895996,378.5253601074219
23000,246.62518320878345,150.0310529869795,102.66151660571751,1.9391003847122192,421.6259765625
23100,247.70767813920975,144.6994982856512,98.89872402711994,1.8427358865737915,399.099609375
23200,248.7855238000552,128.52740905046463,103.19514626826182,0.976431667804718,401.6055908203125
23300,249.8543846964836,145.70415604829788,104.14030150485976,0.9876779317855835,369.8668212890625
23400,250.91485927899677,144.735658608675,101.0969672325057,0.0,405.4765930175781
23500,252.00129774014155,138.93966361761093,95.27816146010726,1.9209346771240234,414.01544189453125
23600,253.04398772716522,148.24384788036346,98.77346417905007,4.676061630249023,405.7381896972656
23700,254.08988066911698,135.3235921430588,97.21576773578877,4.605856895446777,384.8115539550781
23800,255.14923649628957,138.36157012730837,101.2388390071668,0.9836128950119019,429.9867858886719
23900,256.2118046840032,154.1430551457405,96.66596418906958,2.8515748977661133,380.6573791503906
24000,257.2941534996033,142.21411690831184,99.4032568205203,1.8693664073944092,422.0660705566406
24100,258.37627622286476,132.1213752514124,102.23367915576308,0.9890424013137817,427.7656555175781
24200,259.4420508782069,139.54197270870208,94.36798497627237,2.8515849113464355,374.15594482421875
24300,260.5245857079824,141.05461090683937,97.30508821155541,0.9920234680175781,375.4151916503906
24400,261.5788984417915,142.16229239523412,95.28123827416245,1.9175304174423218,388.84210205078125
24500,262.64537223180133,140.216403824687,98.86514768552108,0.0,406.8059997558594
24600,263.71081796487175,132.54318194270135,97.26756479697626,1.896409511566162,384.9904479980469
24700,264.79159591595334,128.80423719584942,95.59915886313894,0.9899934530258179,380.1414489746094
24800,265.8435967405637,141.72742091208696,95.1522910939971,0.9772554636001587,381.29180908203125
24900,266.90430794556937,137.77916579008104,92.74624166853195,3.7178425788879395,389.1058349609375
25000,267.97892402013144,135.05885542452336,99.91388389900132,0.9580756425857544,411.9291687011719
25100,269.0512350241343,149.5850197070837,105.40010293383675,0.0,420.4658203125
25200,270.0952829559644,137.40828605413438,99.04013380549556,0.961388111114502,390.4173278808594
25300,271.15803524653114,123.48105068415403,93.02243138534241,0.991324245929718,382.23138427734375
25400,272.2210113843282,142.68461931020022,101.72753033372626,0.9809648394584656,405.9654235839844
25500,273.3182063738505,147.50642311573029,96.93885257353891,4.670439720153809,391.9024963378906
25600,274.40294911464053,135.62510075211526,91.51930428729351,1.886422872543335,403.2520751953125
25700,275.4715674638748,139.60577884316444,97.85510904299538,1.8941044807434082,399.8534240722656
25800,276.53954606056215,139.54021670341493,96.22872303597622,5.5603346824646,366.68377685546875
25900,277.6307094573975,140.61858266353607,97.69914120209184,1.8963854312896729,384.12091064453125
26000,278.68798563877743,133.46635972648858,100.1623548831949,0.9900169968605042,429.515380859375
26100,279.76427706480024,136.34817011237143,99.74427329526213,2.7957162857055664,387.38690185546875
26200,280.8169545094172,133.4755147743225,97.90774195926522,0.0,359.7071533203125
26300,281.88343166510265,137.3835400724411,93.02798345360561,0.9653528928756714,393.34088134765625
26400,282.9453418135643,146.1801299893856,99.25453244355874,2.888193130493164,406.39727783203125
26500,284.0296763459841,141.87484889447688,107.72140200730176,1.9034383296966553,434.109375
26600,285.103638001283,136.79210355192424,101.7334446096855,0.0,415.720947265625
26700,286.16588470935824,143.91056782603263,102.14516700890115,1.865451455116272,394.7033996582031
26800,287.24542468388876,152.5642939031124,105.27614791508049,2.8347787857055664,422.556884765625
26900,288.324558420976,139.75330026328564,91.54831888921437,0.963800311088562,431.27178955078125
27000,289.4026262919108,141.38799485445023,98.88161343093542,0.9936814308166504,417.2377624511719
27100,290.46678938468295,145.05770666360854,97.53525175130123,4.724124431610107,406.9653015136719
27200,291.5289217789968,126.74398485541343,92.53386384584127,0.9756120443344116,372.64739990234375
27300,292.57816537618635,143.83911819696425,99.45577362165291,3.6080546379089355,422.4024658203125
27400,293.65110476016997,152.93942285239697,96.07658991478942,0.9783055782318115,386.1578063964844
27500,294.71697522004445,142.68597281455993,97.41264109160585,2.839200496673584,410.89605712890625
27600,295.78826524416604,157.607551715374,105.0679493918196,0.9921712875366211,423.17828369140625
27700,296.87158554792404,139.4444297605753,100.5603817370944,0.0,397.2355041503906
27800,297.96021157105764,135.63029477357864,96.68189964612196,0.9874296188354492,392.00482177734375
27900,299.03987027804055,140.76548167943955,92.89938828391226,0.9574885368347168,391.5514221191406
28000,300.11427290439605,141.6845693999529,101.45155578804561,1.8666406869888306,381.3638610839844
28100,301.20519767602286,155.89977397322656,109.3598716973128,0.9850499629974365,408.26654052734375
28200,302.28288398981095,142.006348092556,102.03777374260166,4.671797275543213,392.6471862792969
28300,303.3486265341441,142.5562037539482,106.25574725329453,0.9887773990631104,407.3061828613281
28400,304.4131402254105,134.99827726006507,93.13101707784674,0.987717866897583,402.8995056152344
28500,305.4731021881104,144.37970633417368,102.33841884038765,0.9866605401039124,399.0316162109375
28600,306.5378270228704,134.9874034613371,103.50916598637846,0.9935635328292847,423.61029052734375
28700,307.6050905227661,137.51084759622813,100.58400327427279,0.9874038100242615,370.6495666503906
28800,308.651523800691,135.42665326714516,99.85473836378497,1.9170007705688477,442.6131591796875
28900,309.70522514979046,143.55406521320344,98.0390601087086,2.834721326828003,400.6858215332031
29000,310.7657505273819,139.53798877716065,90.57043481577027,0.9973976612091064,381.0613098144531
29100,311.8147026379903,141.2698166668415,105.31016072093759,3.7446205615997314,403.7579345703125
29200,312.88041127522786,143.72116417884826,98.27308922656756,4.680004119873047,433.4903564453125
29300,313.9330513358116,139.19676963090896,93.72586049589255,3.7468624114990234,379.1169738769531
29400,315.013148633639,130.83534386873245,98.54255766977474,0.9947028160095215,398.5633544921875
29500,316.0789472460747,139.3334285750985,96.03716451308311,0.9931753277778625,373.77838134765625
29600,317.1501767714818,151.1978701618314,108.51697110133597,0.9920838475227356,400.22662353515625
29700,318.20857644875844,126.02361326992512,93.97540202066354,0.9920953512191772,383.91162109375
29800,319.2607261141141,141.0959102332592,104.52030524018778,0.9724340438842773,408.9853820800781
29900,320.3257801612218,132.11727025210857,94.06223468270548,0.9912136793136597,395.62457275390625
30000,321.38243364493053,145.25289704561234,92.48725978879288,2.852982521057129,375.5906982421875
30100,322.4378032008807,151.8933353739977,104.04477468770158,0.9618855714797974,415.86065673828125
30200,323.50504540205003,142.44324579745532,99.86085962797829,0.0,407.0483703613281
30300,324.56866054534913,140.3177281692624,100.04105616970564,0.9810763001441956,390.504638671875
30400,325.6231918255488,145.39856172561645,104.5897179720915,0.959120512008667,405.0077209472656
30500,326.69816304445266,144.26621736347676,98.37404024208514,0.989057183265686,407.6960144042969
30600,327.7446583827337,141.93775524139403,91.17854070103822,2.9315719604492188,413.41326904296875
30700,328.7742665608724,135.99972338616848,95.60308803111398,1.8963278532028198,391.867431640625
30800,329.8449583530426,144.88275104403496,98.52595746551064,0.9924654960632324,397.7550048828125
30900,330.91622829437256,140.06070044338702,91.92839923504138,1.9457107782363892,362.6496887207031
31000,331.97594558795294,146.92703477621077,101.29235632984576,2.7025177478790283,415.15008544921875
31100,333.03856515487035,152.1679516416788,97.88791784980182,1.9210387468338013,378.6647644042969
31200,334.1310466448466,147.36069736659528,99.02974368901315,0.9928995370864868,390.2817077636719
31300,335.19447922706604,140.89440128445625,94.51479225959389,0.0,400.40185546875
31400,336.268052927653,133.85997978150846,100.69964884641345,1.911934733390808,402.9914245605469
31500,337.31839683055875,129.33653892517088,94.42608286064875,0.9954955577850342,391.53350830078125
31600,338.36550283432007,136.50426390647888,95.22682740419083,0.9921720027923584,373.3795471191406
31700,339.4253886461258,137.24595662653445,96.85104876665386,0.0,407.1016540527344
31800,340.49277824958165,146.87228696286678,103.28981224533665,1.8985484838485718,404.68157958984375
31900,341.5458725611369,138.84616401076318,100.1847438540303,1.8835008144378662,412.3320007324219
32000,342.6190033793449,149.35433763682843,97.02868243497285,1.8441725969314575,411.47674560546875
32100,343.6807176073392,151.02999550133944,102.73134153881648,0.9861196875572205,403.9062194824219
32200,344.74096027215325,141.79576330900193,101.5451748306155,2.893772602081299,393.81695556640625
32300,345.80143040418625,147.35156147420406,104.5559193400685,0.9807981252670288,406.5618896484375
32400,346.8664152423541,133.1007442510128,90.80359505747286,0.0,369.1630554199219
32500,347.9357238014539,133.44245082616806,94.87984408726909,0.0,376.1998291015625
32600,348.99627203941344,140.43288935691118,95.2165044344935,0.9651280045509338,405.1906433105469
32700,350.06827594439187,146.26649406313896,102.2091692198444,0.9896929264068604,418.0488586425781
32800,351.13608989318215,151.50783251643182,103.9342471719285,2.840059518814087,414.1159362792969
32900,352.1915548523267,141.15346607983113,96.42589806199707,1.8643527030944824,406.8729248046875
33000,353.2633840362231,131.7737419474125,98.06971817155731,0.9934525489807129,426.6025695800781
33100,354.3327966372172,138.77479132771492,94.20427049075819,0.9894115924835205,372.3705749511719
33200,355.40186664660774,144.88737018108367,101.94624441322804,0.0,408.38690185546875
33300,356.46654016574223,134.92789308071136,90.65693523508119,1.9089818000793457,394.55377197265625
33400,357.53459245761235,148.28418398588894,102.68809954114828,0.9917349219322205,423.7126159667969
33500,358.60811243057253,138.3142974334955,95.03322486909954,0.9704070091247559,392.5397033691406
33600,359.6768230676651,146.44618213951588,103.72341401175201,1.900830864906311,380.17230224609375
33700,360.7335137327512,141.70885920524597,96.45411888716339,1.884714126586914,401.91400146484375
33800,361.81953807671863,146.80651432454587,102.60945153909019,1.9082635641098022,413.01214599609375
33900,362.87274459997815,163.43275545954705,99.12723837660242,2.895064353942871,398.7289123535156
34000,363.94384306669235,142.67002457737922,100.704791956647,1.880312204360962,397.4228820800781
34100,365.0096678892771,140.1159234675765,97.74790344927648,0.9838654398918152,395.2518005371094
34200,366.06577849785486,153.37263404369355,98.15130983012737,4.664986610412598,377.4098815917969
34300,367.1272353092829,148.86643017351628,101.73760853031385,0.9871784448623657,405.5566101074219
34400,368.16924922863643,155.22058562636374,101.08863275590288,0.9882981777191162,398.0736999511719
34500,369.22375634113945,161.93299280285837,110.61959856458859,0.9724324941635132,418.468505859375
34600,370.3004795630773,131.08743489027023,93.71606189818982,5.629644870758057,403.7625732421875
34700,371.37461313803993,145.0698246601224,97.277603312707,0.9850855469703674,410.0675964355469
34800,372.44434282779696,132.21541985929014,93.83864853656056,1.926855206489563,385.26837158203125
34900,373.50494868357976,142.1839358073473,104.12667126945878,0.9849430322647095,408.02996826171875
35000,374.5740032553673,128.21386790007352,93.64189131577152,0.9868592023849487,386.61358642578125
35100,375.6351491053899,148.30144287019968,104.77398189794609,0.9867963194847107,396.7100524902344
35200,376.68763460318246,131.75327301383018,97.98420142275356,0.9931001663208008,414.24407958984375
35300,377.75406669775646,142.16299864858388,100.46786841384267,0.9647499322891235,380.1703186035156
35400,378.8154964923859,157.17135260701178,99.94877419249859,1.8722846508026123,400.5226745605469
35500,379.88603297869366,145.88354761958124,92.132650016641,1.9605369567871094,412.4246520996094
35600,380.95853990713755,142.30903355717658,98.37302328103107,2.858361005783081,398.6427917480469
35700,382.0315734068553,141.9814165237546,100.35260671803671,0.976520836353302,382.32830810546875
35800,383.0717797756195,135.8902746272087,97.86202053004241,1.8817553520202637,402.493408203125
35900,384.1509738167127,141.27795942246914,94.4216017912543,0.9795403480529785,415.6837158203125
36000,385.2222518205643,143.10723421514035,98.79667205121744,0.9901508092880249,411.61798095703125
36100,386.2831505854925,144.05966188639403,96.15110805299716,0.9893050789833069,372.6165771484375
36200,387.3456485708555,139.73162867844104,98.59708666035442,0.9683300256729126,404.98541259765625
36300,388.4207257548968,138.8886568492651,98.28690911059914,0.9947830438613892,438.5343322753906
36400,389.4841908454895,142.0773000973463,95.38328594902329,1.8979747295379639,396.67108154296875
36500,390.5361402352651,148.59804782629013,97.05513255097837,4.7469563484191895,394.054443359375
36600,391.6124833226204,138.5649113970995,98.13278394103565,0.9899412989616394,388.8892517089844
36700,392.6711371699969,143.4792310190201,98.42181527827444,1.9667747020721436,366.5573425292969
36800,393.7443070213,136.0694449007511,98.68531761503408,2.740175724029541,421.0046691894531
36900,394.7888360738754,140.794118475914,99.9766141529197,1.9081486463546753,372.46197509765625
37000,395.8589126944542,153.44011932849884,99.21364862058803,2.8106236457824707,382.98651123046875
37100,396.9219407478968,146.39090831935405,94.85283384276848,0.9737304449081421,379.917236328125
37200,397.99469698667525,146.9027471280098,102.83865882124512,1.9324877262115479,392.2167053222656
37300,399.05293013652164,138.52039529085158,99.60112047519732,0.0,424.3458557128906
37400,400.12518866459527,141.1535770201683,97.97425470539471,0.964308500289917,410.6947326660156
37500,401.1817198475202,146.0106660294533,106.32468902874787,0.0,390.7626647949219
37600,402.243924677372,134.75909122109414,95.3378237220016,0.0,385.2893981933594
37700,403.32975799242655,144.2492809188366,90.52249059327725,2.830958604812622,366.5301208496094
37800,404.38790908654533,136.9177823537588,95.68446735542511,0.9942030906677246,391.7945251464844
37900,405.4566715955734,141.99404896855356,97.99134704756642,1.9509637355804443,422.9950256347656
38000,406.5358636379242,135.3152235901356,96.89787981494254,1.8946775197982788,412.6444396972656
38100,407.60298134088515,135.0391625225544,98.53427717470754,0.992887020111084,424.3841552734375
38200,408.6763822476069,154.6688118159771,98.38888180368794,3.7547366619110107,407.8120422363281
38300,409.7473016619682,143.85535774111747,101.54098975902664,0.9850599765777588,419.2867431640625
38400,410.80890254577,130.3100874620676,93.61466023496837,0.9851067066192627,377.21734619140625
38500,411.8698467771212,142.8298663187027,97.14965780625008,6.475774765014648,392.27532958984375
38600,412.954686542352,131.55188333570956,94.2087765137673,0.9837623834609985,390.763427734375
38700,414.0345021645228,143.2062321615219,102.84586242002428,0.0,422.91790771484375
38800,415.1075150926908,151.33163801431655,102.56174570280254,3.6808695793151855,407.5037536621094
38900,416.18321405649186,153.38851849466562,103.98329123823403,0.9752549529075623,410.83502197265625
39000,417.23805838425955,135.75605794131755,98.65264411425636,0.9848431348800659,397.0577087402344
39100,418.307716914018,141.05756844222546,104.2524740321126,1.8656450510025024,428.2894592285156
39200,419.39268027941387,153.91371209710837,96.73650234899051,0.9853335022926331,396.33642578125
39300,420.4620106736819,143.23261031746864,99.06491077620868,0.0,378.4414367675781
39400,421.5120413502057,147.2711742055416,102.17002717940815,2.8443617820739746,397.1810607910156
39500,422.5688066124916,128.94994980812072,93.35217702066417,0.9651196002960205,397.8106384277344
39600,423.6440703590711,140.2186417618394,96.51786384700101,0.9906557202339172,404.18389892578125
39700,424.72527789672216,118.27621957927943,91.28719039724251,0.9910075664520264,428.7392883300781
39800,425.761348994573,135.57043565094472,103.34759361845873,0.961855411529541,394.6482238769531
39900,426.82988147735597,140.1184418666363,93.28235287195412,2.877281427383423,407.4130554199219
40000,427.8981935898463,140.1766822695732,94.94126935513141,2.7395105361938477,412.56439208984375
40100,428.96273113091786,139.4342692041397,98.0694166919314,2.8199305534362793,422.21990966796875
40200,430.0349067568779,138.47175734639168,99.53502997480196,1.871654987335205,430.63330078125
40300,431.0973225315412,138.57704902648925,94.31684022697597,0.9954515695571899,388.3599853515625
40400,432.1696736733119,145.27332859039308,95.66711189794697,0.9911587238311768,419.5758972167969
40500,433.2118256807327,148.59577352494,99.99193457216388,0.9665741324424744,389.69964599609375
40600,434.25848001241684,128.95918533295392,90.5361264679414,0.971270740032196,397.20269775390625
40700,435.31504273811976,137.3975703215599,92.46360105516952,1.8686320781707764,379.53900146484375
40800,436.3779777844747,136.26280996501447,102.62905632869435,0.9641457796096802,391.6005554199219
40900,437.4357218225797,140.86588459849358,103.02693894617902,0.9867732524871826,411.28662109375
41000,438.5113564411799,139.26773441016675,96.69205350256925,1.9081403017044067,409.688720703125
41100,439.57369396686556,132.13024068832397,96.33447576017866,1.8381195068359375,410.046875
41200,440.65367721716564,140.18040723383427,103.96051737259617,0.9920810461044312,398.2046813964844
41300,441.7291595697403,135.30641716361046,96.15749938300523,3.709022283554077,381.9784851074219
41400,442.7940081040064,129.6709897172451,102.44587161454332,0.9690256118774414,417.5872497558594
41500,443.8684728384018,148.86637843847274,94.90574988859983,5.39133882522583,368.125732421875
41600,444.92895929813386,142.07027382910252,99.27227239140822,0.0,409.9347839355469
41700,446.01277223825457,145.90715968728065,94.59694152842256,2.898926019668579,406.47784423828125
41800,447.0934548735619,153.98335478037595,108.70340254742437,0.0,412.9007263183594
41900,448.19415217638016,132.81008085727692,98.76403776648135,0.9888079166412354,429.1953430175781
42000,449.28613148530326,117.49680471718311,87.42262410540337,0.9797202348709106,384.538330078125
42100,450.33363057374953,145.6038547807932,102.9581038381098,0.9716987609863281,375.01251220703125
42200,451.41354599396385,130.16760505586862,94.64531823836164,0.9929071068763733,401.8583984375
42300,452.4818202575048,136.66493355572223,94.49361176520317,0.9792765378952026,419.7569274902344
42400,453.5361060500145,131.98866879761218,96.11835261683972,0.0,422.7101135253906
42500,454.6051250656446,142.7105244278908,99.15032201400993,0.9663529396057129,403.214599609375
42600,455.68461350599927,151.35196948230268,94.44847497797983,0.9891974925994873,437.0130615234375
42700,456.74695769151054,135.98713861763477,95.91336065502192,1.9034804105758667,380.9089050292969
42800,457.8079233964284,137.9280404281616,97.17762836397489,0.9882656335830688,383.92413330078125
42900,458.8596571286519,143.74534805357456,95.80561173142557,0.9901653528213501,398.76556396484375
43000,459.92042108774183,148.7369064450264,99.72591832381754,1.9033490419387817,410.8445739746094
43100,460.9694952448209,153.19501069992782,102.46396253145154,0.9913179278373718,394.4249267578125
43200,462.0159860610962,145.25759634792806,102.89219139749693,0.9797350168228149,396.9346008300781
43300,463.0747682452202,140.64075789034368,99.05567178221803,0.0,414.5606994628906
43400,464.11366224686304,137.97707409471275,94.80357943479777,0.985907256603241,394.86297607421875
43500,465.1676595489184,146.48475284814833,107.13465265567277,2.8245255947113037,408.6691589355469
43600,466.22099839846294,142.2905074197054,91.43527184484152,0.9669791460037231,388.5636291503906
43700,467.2932687719663,133.7345466208458,94.88802801137349,0.9920967817306519,384.5553894042969
43800,468.39142225583396,143.9678201264143,104.53153845607386,0.9911066293716431,425.8514099121094
43900,469.4964549422264,140.59196633338928,92.84029863538201,2.809079647064209,399.786376953125
44000,470.58606683015825,144.60277636051177,100.6659772424082,4.790124416351318,399.4808654785156
44100,471.6468253453573,135.0196060937643,95.21484611592776,1.938857913017273,395.66668701171875
44200,472.70934651295346,142.33256376504897,101.43479362533536,0.9893563985824585,400.61053466796875
44300,473.7810073018074,144.5238095098734,102.74352429629029,0.0,424.2760009765625
44400,474.84866725206376,145.72124577105046,100.45427600408524,0.0,400.3057556152344
44500,475.89254578749336,137.48354798018931,95.51089677407359,1.909767746925354,395.59332275390625
44600,476.9671154816945,136.23455132365225,102.39225403353471,3.7862393856048584,393.20648193359375
44700,478.01479847828546,149.37020208328963,98.36934027722872,0.9891731142997742,385.6443176269531
44800,479.05926692088445,142.0918881058693,99.43338696075641,1.9510815143585205,403.56475830078125
44900,480.1460475842158,136.38138542711735,101.15621716924902,0.989615797996521,403.0855407714844
45000,481.2309484203657,139.2102197483182,103.19525161905061,0.9868694543838501,401.8387451171875
45100,482.31104408899944,148.4413982346654,100.38622182579847,0.9838616251945496,395.054443359375
45200,483.37346563339236,145.37682428479195,94.9613513860596,1.9548265933990479,419.5364074707031
45300,484.4247428456942,133.03291584819556,99.09738667396266,0.9845773577690125,381.0144348144531
45400,485.49134823083875,146.27217839598654,99.60698034230134,0.9845843315124512,426.3957824707031
45500,486.55643930037814,140.90780387938022,100.07124556172471,0.9927939176559448,420.142578125
45600,487.6289432287216,147.08315748512746,103.31039831178474,0.9950195550918579,420.91436767578125
45700,488.68460317452747,148.06952598571777,98.98521532866222,0.9545069932937622,393.7681579589844
45800,489.7480001529058,147.0380149924755,102.24682533027796,0.9933483600616455,367.9789733886719
45900,490.799379046758,145.23185362935067,95.7091638503273,0.971454381942749,386.0461120605469
46000,491.8508594473203,135.28068646907806,96.46407658088738,0.9804403781890869,375.34600830078125
46100,492.89735105037687,141.9303295171261,97.22440392175758,1.909306526184082,382.44580078125
46200,493.940903143088,122.93521990776063,93.34081542652456,0.0,398.10345458984375
46300,495.0058111270269,139.99409288585187,93.75255784912643,1.866503119468689,379.91143798828125
46400,496.0763375759125,141.39972954690455,100.09730118499341,1.8642042875289917,382.900390625
46500,497.15149796009064,150.26596614956856,103.82752311190166,1.87003755569458,384.2486877441406
46600,498.2291107972463,140.2017166042328,100.8983620414716,2.807037115097046,393.08856201171875
46700,499.29418286085127,154.70189796090125,105.7825917244437,0.0,368.9159240722656
46800,500.36775809526443,136.64947822362186,102.35797013536788,0.9879239201545715,393.6825866699219
46900,501.4448544462522,144.71726159393788,101.93772267780564,0.9822865724563599,407.9764709472656
47000,502.5245449622472,141.95128322780133,94.89325034012077,0.9855040311813354,378.4163818359375
47100,503.60034090677897,129.92234699845315,92.3768011692807,0.988593578338623,400.5793762207031
47200,504.6660017331441,121.91743476718665,99.83469271247276,0.9585703015327454,388.2959289550781
47300,505.7308284600576,144.40522708654404,109.77897180176905,0.9835152626037598,418.5979919433594
47400,506.7955624461174,142.60393798053263,103.11659783867186,1.8723317384719849,386.93695068359375
47500,507.86266492207847,144.90296071082355,91.85648779560637,0.9817596077919006,418.3645935058594
47600,508.917808286349,131.86500351071356,102.58712975769937,1.9307713508605957,397.6324462890625
47700,509.97946597735086,149.07745145380497,96.71026972687676,0.0,382.758056640625
47800,511.0504069328308,131.0730894112587,98.77803015071913,2.8684027194976807,400.1716003417969
47900,512.1281126022338,154.04395074129104,105.75698055592258,1.9056501388549805,395.13104248046875
48000,513.1867347041766,141.47112077772618,102.07337967646743,0.9587438106536865,390.9920654296875
48100,514.2629293719928,139.26713989138602,94.69267737835234,1.9116325378417969,397.61688232421875
48200,515.3094417611758,160.89815999269484,97.52912807406733,0.9914007186889648,398.4263916015625
48300,516.3643808325131,133.98616144299507,92.97478405884094,1.9376716613769531,399.5052490234375
48400,517.4070655107498,133.92200387775898,100.00839708003883,0.0,404.114990234375
48500,518.4561174273491,144.2015792170167,97.30039619349095,0.9805095195770264,424.3670654296875
48600,519.5067873080571,155.06675548017026,102.59987887107656,1.9351381063461304,399.4223937988281
48700,520.5739403327306,144.54886968016623,94.88173827652268,3.6884384155273438,397.5108337402344
48800,521.6269697904587,147.20154577076434,100.63660656435735,0.9651174545288086,392.91815185546875
48900,522.6989344398181,146.76939019083977,99.99681831253687,1.9083828926086426,403.82659912109375
49000,523.778046007951,147.45900137782098,102.08253553087991,1.9194293022155762,401.9383544921875
49100,524.8328002055486,149.57840249419212,99.41445362958876,2.82592511177063,404.9452819824219
49200,525.8849406520526,132.30616562485696,94.27847990191563,0.9770987033843994,403.76568603515625
49300,526.9228336334229,150.02571018517017,98.68700543598268,0.9799076318740845,398.419189453125
49400,527.962594584624,149.80258185356854,100.34927631991981,0.9836350083351135,421.6753845214844
49500,529.0203487992287,152.0992802399397,105.02836949901966,0.9926720857620239,393.1360778808594
49600,530.090734787782,152.33848360061646,98.10151951206903,2.860537052154541,405.7488098144531
49700,531.140758395195,139.56625413656235,96.93054898864537,4.6086578369140625,408.64324951171875
49800,532.2168285926183,134.43677785515786,94.90303602950263,1.8530457019805908,371.9798278808594
49900,533.2791049917539,154.1052956879139,104.95327148022837,0.0,395.846923828125
50000,534.3479800343514,150.55494837969542,99.74026589785181,0.9904410243034363,382.6517639160156
50100,535.4030545751253,145.60745383113624,96.93065985072236,0.9904788732528687,405.5853576660156
50200,536.4630305369695,152.15125811785458,101.22772684862605,0.9909316897392273,387.1579284667969
50300,537.5235862493515,145.38028180122376,100.22757311256929,0.0,396.1706237792969
50400,538.5783867557843,152.40259533524514,101.71470800007079,0.9853909015655518,404.1705017089844
50500,539.6521751761436,134.22500409305096,99.50023423415567,0.986685037612915,421.3736267089844
50600,540.7189682563146,145.89927584946156,100.65031181439778,0.9903601408004761,377.21246337890625
50700,541.7864244182905,143.53612055659295,104.76845821824597,2.8135757446289062,402.177978515625
50800,542.8635116179784,143.0831815776229,96.74765445359881,0.9882112741470337,411.3904113769531
50900,543.9374247749646,141.17801622509955,97.25199980654655,2.76094126701355,393.14288330078125
51000,544.9856858928998,148.03364204615355,103.09225767651964,0.9836708903312683,413.14300537109375
51100,546.0509396950404,145.26111044406892,100.20774466703224,2.8139374256134033,401.6690673828125
51200,547.0965645432473,146.21951996445657,100.1000890034379,1.8921599388122559,413.4730529785156
51300,548.1683237870534,128.04187929153443,88.6465023096887,1.895401954650879,374.7506408691406
51400,549.2348192373912,137.85919594854116,95.43975085185708,0.9892860054969788,386.6288757324219
51500,550.273869895935,142.5459114766121,96.19846814395605,4.626103401184082,391.94647216796875
51600,551.3405178189278,145.4118296316266,93.84294711586847,0.988874614238739,409.3102722167969
51700,552.397542154789,147.6637370839715,102.76916631473071,0.9918022751808167,405.93804931640625
51800,553.4530601143837,136.02539662241935,96.21054397670875,0.9911485910415649,381.7952880859375
51900,554.51507837375,141.0766691529751,99.63761809780348,0.9856646060943604,393.0704040527344
52000,555.5770213723183,140.0781157785654,98.36868089941785,0.0,417.3634033203125
52100,556.6458941817284,133.02676575779915,94.5842389883841,0.98848557472229,359.3720397949219
52200,557.709519135952,149.09368561923503,101.10384278864628,0.991999626159668,408.9544372558594
52300,558.7845958908399,148.2147713816166,103.87745350746093,0.0,416.1435852050781
52400,559.8662759661674,154.38648544073104,106.54020986591385,4.632765293121338,410.90899658203125
52500,560.9424783190092,139.56960286080837,95.23524236805443,1.8914943933486938,411.71185302734375
52600,562.0106662670771,137.8666468644142,93.56374536570091,3.7815699577331543,386.82025146484375
52700,563.0814323504766,139.23035578548908,96.41357219554912,0.9798449277877808,384.8602600097656
52800,564.1547556241353,151.4230271783471,102.41241150130067,0.9836702942848206,425.38336181640625
52900,565.2276500582695,131.0268728029728,96.74756903638854,2.809584379196167,402.499755859375
53000,566.2820621887843,152.2852491670847,102.42296987924095,0.9840842485427856,415.4884033203125
53100,567.3352133750916,148.46915641367434,101.08539556048345,0.9660582542419434,421.0260314941406
53200,568.3991126418114,141.16251414209603,100.52649857741744,0.9955196976661682,386.9311828613281
53300,569.4541197975476,132.76559959232807,91.15445690069375,1.9288631677627563,416.31793212890625
53400,570.5064967195193,140.47374734073878,98.70477881276632,0.9881203770637512,410.68597412109375
53500,571.575861954689,142.948139500916,101.37395014525806,0.0,395.4751281738281
53600,572.6306588570277,143.83226570367813,101.77202519731915,1.852844476699829,390.1632385253906
53700,573.6762595494588,147.35901601314544,98.25192727638004,1.954625129699707,378.5102233886719
53800,574.7371629873911,143.7448386543989,105.62961444535611,0.0,398.1014404296875
53900,575.7731856664021,141.30136659026147,97.7156136880172,0.0,399.5425720214844
54000,576.8190935969353,143.83437791973353,97.58151801815379,0.9785975217819214,398.26220703125
54100,577.8816025535266,146.11596693992615,101.17725432488722,0.0,408.6287536621094
54200,578.92132670482,141.7648821142316,99.21101329406378,0.9890825152397156,368.5436096191406
54300,579.9819807926814,146.8891759133339,96.97862158920937,2.8217740058898926,404.8368835449219
54400,581.028642976284,145.36264191031455,98.63109099303156,3.7905514240264893,395.8980407714844
54500,582.0777330994606,127.5135508131981,90.85366741290487,0.0,397.66217041015625
54600,583.1304456591606,140.94757372260094,97.69858247330129,0.9853429198265076,392.38641357421875
54700,584.2114439527194,137.19447449564933,101.40209046701386,0.9660758972167969,419.3278503417969
54800,585.2620486299197,144.04627793878316,100.77962607555985,0.9874208569526672,386.2645568847656
54900,586.3214955369632,144.48440550506115,101.52918616404955,0.9877794981002808,415.9929504394531
55000,587.3812632044156,142.68487877547742,98.56458723064141,1.9129739999771118,407.3733215332031
55100,588.4534138480823,138.60073800683023,99.42758898943612,1.9546430110931396,374.6563720703125
55200,589.4990194559098,149.89392597198486,104.56990450656522,0.9919100999832153,410.58599853515625
55300,590.5447679320971,143.58366212129593,97.56825222845758,0.9673179388046265,408.0301208496094
55400,591.6033006707827,141.6055683618784,103.89922560174027,0.0,416.2547302246094
55500,592.6417325178783,129.81173698067664,97.65642043989978,0.9877687692642212,404.4061584472656
55600,593.72107574145,135.1474084854126,97.66956642429555,1.8593305349349976,384.05145263671875
55700,594.7807958364486,134.64151093155147,98.98494001723323,0.0,388.59588623046875
55800,595.8327623287837,135.0861403763294,98.28873110113985,1.9218449592590332,391.1014404296875
55900,596.8722570021947,133.04843054771425,94.76204541925088,1.8830246925354004,382.3109130859375
56000,597.932107814153,144.2166292476654,103.11713010691581,0.9870634078979492,394.8824768066406
56100,598.992503186067,138.5514029788971,100.52672038950602,2.756856918334961,393.853271484375
56200,600.0519965966542,146.1441487672925,102.60438185180988,0.9792312383651733,430.5999755859375
56300,601.122658320268,144.45772465705872,93.53710551764173,1.9349124431610107,374.9581298828125
56400,602.1955755273501,144.71427168309688,102.02181960699843,0.9955266714096069,376.0332336425781
56500,603.2437761942546,152.9337008666992,101.82997328703334,0.9627416133880615,403.64044189453125
56600,604.3151830395062,137.31747680187226,96.42312630692297,1.918020248413086,423.6920471191406
56700,605.3751264452934,139.10705035626887,98.32303955679848,0.9951170682907104,374.7220153808594
56800,606.4405105431874,143.04719695925712,96.01789490768427,1.9519522190093994,364.75579833984375
56900,607.4979648192724,145.876192740798,100.2684684210777,0.9862509369850159,396.9371643066406
57000,608.5636772990226,141.39911563932895,97.51502464161828,0.967755913734436,405.2002258300781
57100,609.637992354234,146.55644611835478,96.62531829556617,0.9679670333862305,393.4996032714844
57200,610.6856674830119,135.57803086459637,97.44169776088003,0.9894767999649048,405.52276611328125
57300,611.7462965011597,142.98380790114402,98.54433678292352,2.824277639389038,397.12347412109375
57400,612.8122422019641,135.88132306188345,95.08917510809107,0.9714223742485046,400.0611572265625
57500,613.8591420014699,146.02975430488587,100.02719305459814,1.947890281677246,406.59417724609375
57600,614.9060144305229,142.08461052417755,106.48708024972947,1.8994836807250977,396.0686950683594
57700,615.9594470739364,141.80138191699982,107.28829593730083,1.881589651107788,419.8152770996094
57800,617.0020295063655,148.9836470901966,99.92752485294237,2.81797456741333,384.6453552246094
57900,618.073666481177,134.60258967161178,96.89346625825307,2.8017592430114746,416.49554443359375
58000,619.1020876725514,146.6314831471443,102.66807420684746,0.0,424.6310729980469
58100,620.1550741751988,144.53265000820159,91.44455832836194,1.894392967224121,410.2127990722656
58200,621.193228340149,151.06836752653123,98.80424552794533,2.8415088653564453,387.3568115234375
58300,622.2705966631571,157.38908041536808,104.6312206748498,0.9829357862472534,403.48687744140625
58400,623.3276809573174,152.5839334356785,92.61069431833351,0.9820361137390137,382.08892822265625
58500,624.3969346324603,146.8159035372734,99.08820950085409,1.907012701034546,415.8811340332031
58600,625.482850376765,127.07174945533275,94.2666444319574,0.0,396.4165344238281
58700,626.5396247943243,144.53812447309494,101.36174591707614,3.7377214431762695,418.4814147949219
58800,627.6113717913628,133.2364404028654,98.73071476269459,1.892147183418274,398.2111511230469
58900,628.6967533548673,131.44358270347118,95.07634171460333,0.9893580675125122,420.1949462890625
59000,629.7749766588211,133.1579171192646,97.29506393921893,2.7328085899353027,398.51739501953125
59100,630.8432978987694,133.62694245815277,94.04772788181789,0.0,375.10748291015625
59200,631.891661075751,126.86932398438454,93.28842516395518,1.9202172756195068,388.6211242675781
59300,632.9587463498116,148.94948044389486,103.57305333026939,0.9793818593025208,403.95660400390625
59400,634.0186801195144,142.73919602930545,96.66434130868235,0.9867500066757202,403.4300537109375
59500,635.0788540005684,147.79050778508187,98.47331658706474,0.0,424.5787658691406
59600,636.1460920095444,143.87579877197743,94.54150727991876,0.0,371.1482238769531
59700,637.2227716326713,138.9826321208477,101.97872570201746,0.9901220798492432,398.17596435546875
59800,638.2598254958789,138.59389853417872,103.32169268694098,1.8862617015838623,384.17822265625
59900,639.3438006122907,143.15141469955444,99.67530867632037,1.8764519691467285,383.3717346191406
60000,640.424929912885,134.8023770517111,98.72913343523383,0.9881598949432373,381.0422058105469
60100,641.4982099811236,141.69522660791873,101.28125300472345,0.9623316526412964,425.0423583984375
60200,642.552989645799,143.6013724631071,95.71114726949205,0.9832509756088257,411.32110595703125
60300,643.6022797822952,148.8183519244194,101.925557497,2.836541175842285,411.8539123535156
60400,644.6598091562589,140.69117638111115,91.14577108687047,7.579219818115234,387.9916076660156
60500,645.7214890281359,133.97545948028565,95.39982634523406,0.9857527017593384,420.01220703125
60600,646.8004379471143,161.10249666273594,107.08443321500525,0.9669501781463623,400.60504150390625
60700,647.8704583962758,135.26379438519479,94.21835675750553,1.9346940517425537,418.41790771484375
60800,648.9443552176158,142.22593044519425,103.30583197346334,1.8375515937805176,402.3285217285156
60900,650.0341220696768,134.23900031089784,96.74827191188449,1.8866395950317383,435.8711242675781
61000,651.1258539001147,133.67869894325733,98.30385573679447,0.9632774591445923,376.65802001953125
61100,652.2180537740389,143.028949136734,101.26408601727806,1.906380534172058,389.6788024902344
61200,653.2967654029528,136.25888488531112,93.79660533963903,0.9873771667480469,374.0337829589844
61300,654.3651265422503,140.70725614219904,106.55285602636609,0.991251528263092,402.83099365234375
61400,655.4337923725446,146.56932555675508,96.79820925563847,1.884042739868164,395.9429016113281
61500,656.5009727040926,145.071215903759,91.15114497508488,2.773672580718994,397.15228271484375
61600,657.5931822896003,131.8614967316389,94.60875442288004,1.9700695276260376,426.2065734863281
61700,658.6859240849813,133.786473839283,97.74095159174045,3.815488338470459,414.8053283691406
61800,659.7331295847893,148.42376802325248,104.17128260771553,0.0,414.0675048828125
61900,660.8060239116351,128.75209754914044,93.05173437114394,0.9797422885894775,372.833984375
62000,661.8639302055041,132.04372853815556,95.23320951692126,0.9777011871337891,424.7510986328125
62100,662.918428516388,149.64092409968376,95.54548023178414,1.9156911373138428,374.01513671875
62200,663.9472480734189,138.19431698530911,95.31994850138905,0.9725724458694458,402.83233642578125
62300,664.9909360090892,134.86757250785828,96.6616620219643,0.9715609550476074,360.7446594238281
62400,666.0311669031779,140.9540903905034,101.83682786747806,0.9867493510246277,403.8648986816406
62500,667.0629694223404,134.93947844296693,101.22861589236655,0.0,434.8475341796875
62600,668.0964215874671,136.0987449878454,98.02117271583947,0.9737145900726318,407.2641296386719
62700,669.136929655075,146.94733836054803,102.0473943512512,0.9888812303543091,385.9772033691406
62800,670.2036122401555,134.9348397755623,97.50049846388411,0.992989182472229,414.3887023925781
62900,671.2284238616626,141.13898222863673,92.89084203925256,0.9671207666397095,393.2579650878906
63000,672.2749134341876,140.51496483087539,100.4581405703807,4.637307643890381,397.46484375
63100,673.3130848566691,139.39164166748523,102.98138600987072,0.9756478071212769,423.09124755859375
63200,674.3707292000453,149.17324570953846,95.0030304572203,1.9003037214279175,383.521484375
63300,675.4357697645823,134.95978102743626,96.02580574300016,0.9782259464263916,384.2991638183594
63400,676.4894020477931,137.07244723916054,96.18662642070034,1.8856711387634277,393.03436279296875
63500,677.5526336431503,145.5876061320305,99.45994675138421,0.9876148700714111,399.091796875
63600,678.60329631567,144.91486143440008,102.58550998849338,0.9827261567115784,425.1795959472656
63700,679.6429436882337,152.09855775117873,104.79855679085718,0.0,395.4595031738281
63800,680.6995139122009,148.30550402402878,100.95467824158965,2.8076858520507812,415.8985900878906
63900,681.758576754729,143.864686858654,97.45946477469401,0.0,412.1663818359375
64000,682.8055025339127,134.59346848428248,90.46175368348005,1.8992289304733276,412.909423828125
64100,683.8415387233098,143.23489765048026,99.73692023526282,1.9238083362579346,404.4554748535156
64200,684.878160794576,146.56871843844652,98.58659374684555,0.9660099148750305,386.5255126953125
64300,685.9419516762098,145.20672407388687,99.58856790814852,3.7327756881713867,395.1894226074219
64400,686.9950603802998,133.62255936205386,100.4240624750902,1.9237219095230103,393.420654296875
64500,688.0566995104153,138.91972193300725,97.24659188503999,1.8687812089920044,420.1976318359375
64600,689.0993179798127,138.79255506515503,98.69672230758684,1.9263992309570312,379.532958984375
64700,690.1475772539775,147.60350655019283,101.60257458620903,0.9964538812637329,399.528076171875
64800,691.1985325137774,140.41612855911254,94.2909069010276,1.9066996574401855,381.5773620605469
64900,692.2668552279472,149.88814970612526,100.51431941212155,1.9497756958007812,427.9703063964844
65000,693.3254997412364,156.58878099411726,104.36543405864053,0.9833776354789734,402.6278991699219
65100,694.3878353039423,136.38189317703248,102.13779703002028,1.87611722946167,394.4039611816406
65200,695.4508933345477,151.28215077280998,97.24018772657679,2.7977871894836426,367.3282775878906
65300,696.507357887427,149.45544753015042,100.74071098894458,1.866188883781433,393.77783203125
65400,697.5425390164057,137.53191792547702,105.35637727194556,0.9874664545059204,405.74835205078125
65500,698.5993464350701,143.87756806135178,102.94141659212353,2.787266731262207,416.019287109375
65600,699.6788437485695,145.8749032831192,93.14081426114036,0.0,390.8700866699219
65700,700.7348113020261,141.71947752952576,95.56030944623151,0.9886884689331055,386.7599792480469
65800,701.7924546122551,144.6948733818531,98.3118362506144,3.7382798194885254,376.1047058105469
65900,702.8462619344393,152.27074695050717,99.04644698477793,0.9864598512649536,416.5096130371094
66000,703.9178394714992,145.48275190353394,97.246342879601,6.6063690185546875,383.5246887207031
66100,704.9786774079005,135.82971096873283,94.38019292340265,0.9846880435943604,369.84423828125
66200,706.0292595823606,133.0637911954522,95.15726889654647,0.9908116459846497,395.5077209472656
66300,707.0884232799212,150.32563860714436,99.90351512720328,0.9574755430221558,397.9574279785156
66400,708.1321296175321,138.39511794567107,94.32603289851353,1.9374847412109375,378.9067687988281
66500,709.1999858101209,147.07389273524285,99.00234413315664,1.8932507038116455,405.4360046386719
66600,710.2558273673058,140.81992843687533,100.72399467556609,0.0,404.9366455078125
66700,711.3238451401393,143.77753252089025,103.93166620457744,0.9701398611068726,414.348388671875
66800,712.4050507903099,137.48963029354812,99.28148794725891,0.9953269362449646,386.7417297363281
66900,713.478068403403,150.16562364935874,99.0213918246783,1.8946328163146973,398.18646240234375
67000,714.5279779871305,139.76958868891,94.40453207982496,0.9653289914131165,402.70111083984375
67100,715.5951510747274,138.40015022516252,96.45305384614645,1.9073119163513184,381.0284118652344
67200,716.6484285712243,144.701533588171,99.57905104593085,0.9947221279144287,401.7423400878906
67300,717.7241405208905,138.0090673738718,102.58693619144135,0.9761337041854858,390.5492248535156
67400,718.7744159817696,147.62143571496009,100.22173795314565,0.9780845642089844,408.6560974121094
67500,719.836279408137,148.5643614780903,94.47512758411557,2.830213785171509,369.21209716796875
67600,720.9008329232533,131.630628054142,91.76998162378933,1.9039411544799805,387.4207458496094
67700,721.9673028429349,140.16237068504094,96.70538333038176,0.0,421.48638916015625
67800,723.0284727652868,138.98174417614936,89.83458640151572,0.0,396.0003967285156
67900,724.0904735763868,142.55175459295512,95.54800002775731,0.9534518718719482,402.911376953125
68000,725.143502008915,139.49745872974395,101.74577207815474,2.8745298385620117,413.6833801269531
68100,726.1856150905292,148.41219864577056,98.92435619609041,0.9780097007751465,410.06097412109375
68200,727.2419903874397,148.5494977426529,93.72742093194002,4.742805480957031,372.8377990722656
68300,728.300175944964,131.37432592839002,100.35582778893615,0.9840748906135559,396.1050720214844
68400,729.3466223080953,133.54070399940014,97.13747299863903,0.9776161909103394,368.4200134277344
68500,730.3886690457662,143.5333228647709,95.87243452766121,0.0,363.8432312011719
68600,731.4365078290303,151.81546459794043,103.93301952170097,1.933717966079712,391.19586181640625
68700,732.469049390157,132.97986063420774,99.67072561959745,0.9682260751724243,403.29669189453125
68800,733.5208631237348,142.12987085998057,101.40441671160991,0.9925698041915894,398.67889404296875
68900,734.5513132373492,153.0281986474991,101.14796359777591,2.7878198623657227,396.34320068359375
69000,735.5928603172302,135.06813174068927,100.5099021033021,0.9662810564041138,393.5628662109375
69100,736.6496106942494,144.4721486851573,98.70588155283708,0.9902980923652649,402.6896057128906
69200,737.6956204652786,151.60007883787156,100.59361504608779,3.7025232315063477,404.91766357421875
69300,738.737351934115,143.57637806892396,97.44930106717894,0.9960516691207886,380.5408935546875
69400,739.7857032497724,147.40633472800255,109.30092271703587,0.9892687797546387,413.7881164550781
69500,740.805944943428,145.1430403101444,99.71737894785299,1.9122188091278076,407.9986267089844
69600,741.8659063021342,131.2448597794771,96.20411940563812,0.9650697708129883,388.21826171875
69700,742.9204157908757,150.80174366921187,104.00643303631759,0.9711487889289856,420.9700622558594
69800,743.9802665750186,146.2673615655303,99.70800549341843,0.9713521003723145,375.9444274902344
69900,745.0101148287455,144.92220594376326,103.85023449682762,0.9622364044189453,425.2891845703125
70000,746.0687734206517,146.95852390110494,101.77479246598452,1.9386931657791138,407.2141418457031
70100,747.1228159268697,140.88471382379532,90.19485058319147,6.489229679107666,389.5592041015625
70200,748.1731171568234,154.4151429617405,101.81447423715476,0.9639121294021606,411.58294677734375
70300,749.2210442026457,144.43128594756126,97.11307478532068,0.0,388.89825439453125
70400,750.2859403014183,153.48188758015633,105.80175880515154,0.9875733852386475,415.6124572753906
70500,751.3573374390602,140.96255177825688,95.96984841179014,0.9900099635124207,412.30914306640625
70600,752.4151257475218,138.60141705989838,93.77803611648123,0.9806828498840332,366.6900634765625
70700,753.4883674939473,141.88094897270201,97.98509635609707,3.8484015464782715,386.6177978515625
70800,754.5574733018875,137.68403422296046,99.45254619155185,1.9130029678344727,409.7861633300781
70900,755.6337392449379,153.71702600359916,101.79899091889287,0.0,401.8244934082031
71000,756.7262484113376,141.98886092215776,102.0432663652622,0.9886913895606995,424.0839538574219
71100,757.8158329486847,145.08644748985768,96.43264910060104,1.8641868829727173,398.0899963378906
71200,758.885256075859,159.7819064927101,106.72887807395936,4.74757194519043,423.5361022949219
71300,759.9506001353263,137.91438832759857,96.09743081643862,2.818666458129883,386.8182067871094
71400,761.038914680481,148.92637186288835,102.03286428448126,1.9240531921386719,415.04766845703125
71500,762.1076624274253,139.1180340719223,102.89914943552141,0.9968957901000977,420.85540771484375
71600,763.1713021556536,126.94547541975975,100.27276294132194,2.8039119243621826,411.666259765625
71700,764.2617565910022,137.96720410466193,96.43494036266752,2.7876250743865967,399.5078430175781
71800,765.3264884233474,147.7206494757533,109.43917202847713,0.9743062853813171,430.8349914550781
71900,766.4017489830653,146.76609961628913,106.84935574212318,0.9846458435058594,405.53350830078125
72000,767.4735795934995,127.52947835803032,98.23629778060088,0.9880130290985107,396.43841552734375
72100,768.5350376963615,136.00380274027586,97.39172414865637,0.9817962050437927,428.931640625
72200,769.5995843211809,134.46629213809967,90.72740170551798,4.715142250061035,404.06951904296875
72300,770.6486925244332,137.8745195248723,91.31714710565811,0.9801869988441467,381.8684387207031
72400,771.7398327668508,146.2564896416664,105.91132525866513,4.751647472381592,411.9738464355469
72500,772.8078445235889,148.74181151866912,98.87303962955312,2.8547539710998535,396.0683898925781
72600,773.8953661441803,138.33799711585044,102.53330745503251,0.9638711214065552,413.3894348144531
72700,774.957588771979,137.88376940786839,94.4704272441864,0.972515344619751,395.83587646484375
72800,776.0249053875606,142.9367080372572,100.72102058104919,1.920385479927063,414.67364501953125
72900,777.0917187929153,137.42480678975582,96.85306782218079,0.994795560836792,405.1810302734375
73000,778.1600850145022,135.1150230127573,93.20514450139918,0.9822043180465698,387.73809814453125
73100,779.2282531499862,138.1281639814377,96.46730033418856,2.804593563079834,405.5726013183594
73200,780.3025111317635,143.87825155079364,102.81582325995079,1.9193917512893677,441.6770935058594
73300,781.3619500796,143.65355018496513,101.40364121239432,1.8716776371002197,418.888671875
73400,782.4175594290098,132.1621410751343,105.4444684516264,4.673774719238281,412.9252624511719
73500,783.4599317391713,153.98472874403,105.98211321133084,0.9861882925033569,394.8250732421875
73600,784.507269847393,138.39386457443237,89.98250661683934,0.9880545139312744,404.8726501464844
73700,785.5640725811322,147.3658002471924,95.18415483518997,0.988797664642334,389.7698974609375
73800,786.6132918039958,131.03831285297872,99.19328106911856,0.9829355478286743,367.8099365234375
73900,787.6528553605079,147.02441467702388,107.63857511806461,0.9703028202056885,417.3863525390625
74000,788.6775838017463,146.9483046799898,101.21971649433456,0.9841139316558838,390.4523010253906
74100,789.7253297567368,133.8570742559433,95.5460971384123,2.8441195487976074,418.4339904785156
74200,790.7783061067263,135.31127446115016,98.90748584009512,0.9816913604736328,344.4193115234375
74300,791.8168938597044,147.24795636802912,101.3025240181452,0.9579874873161316,434.4470520019531
74400,792.8734068195025,144.6766851556301,103.4972936666857,3.79374361038208,389.1115417480469
74500,793.960384074847,138.73049214959144,98.54696358999948,3.711010694503784,418.86865234375
74600,795.0545355717342,146.0809387588501,102.55007290060998,0.9804342985153198,382.41986083984375
74700,796.1494230747223,135.04530499875546,98.8244377710106,0.0,401.13006591796875
74800,797.2166923284531,143.5746518945694,100.00689151011615,2.838667869567871,399.8949890136719
74900,798.2851585785548,139.7560208135843,100.10835488922075,0.9827113151550293,388.36260986328125
75000,799.3514756004016,153.68680564403533,107.36445484990769,0.9582221508026123,405.8096618652344
75100,800.4192325075468,145.3670417147875,104.32308312181274,0.985134482383728,379.5419616699219
75200,801.4833929101626,142.45100869059561,104.93264507644129,0.0,408.53253173828125
75300,802.5481225093206,148.21620183885096,97.86762679571333,1.8732746839523315,390.327880859375
75400,803.5919217030207,142.37557937502862,101.83824528755707,2.7935869693756104,390.4165344238281
75500,804.6646748820941,144.2048782646656,105.96336898452549,1.9290268421173096,417.0776062011719
75600,805.73760368824,145.4786704069376,107.68181488024585,0.9712895154953003,409.8211669921875
75700,806.8056042671203,139.70592848420142,97.08555834706266,0.9584987163543701,398.4923095703125
75800,807.8617214600246,141.55044203579425,96.74857941823507,1.8620330095291138,386.9095764160156
75900,808.9279230713844,135.03125026613475,91.12962651866137,0.9727261066436768,361.9478759765625
76000,809.9854016304016,134.07515196859836,97.64571619166509,1.8583139181137085,414.0152282714844
76100,811.0311645785968,137.44882174909114,99.86846821647421,0.9751492142677307,427.2626647949219
76200,812.0669736822446,133.01255765378474,93.7815431589561,0.0,383.00701904296875
76300,813.1098134160042,136.33289707988502,91.1811291336193,0.9544534683227539,427.2671813964844
76400,814.1738194704055,136.6712178349495,96.50832229804256,2.863680839538574,382.9652099609375
76500,815.2377082069714,143.95822118759156,98.30219197335023,1.9408807754516602,405.2424621582031
76600,816.3132935047149,142.9169918140769,96.04232238830089,0.9885901808738708,414.1053161621094
76700,817.3876745303472,135.8936501312256,95.40768999384034,0.969123363494873,399.11614990234375
76800,818.4636700749397,133.46173111200332,92.84276116944771,1.9479827880859375,413.5636901855469
76900,819.5228297948837,135.94653216481208,95.77397057514465,0.9653277397155762,400.85699462890625
77000,820.5723902821541,146.42974962890148,99.07811338177639,0.9864879846572876,400.4582214355469
77100,821.6268207351367,134.7758533489704,103.83964406630751,0.9750528335571289,391.1553649902344
77200,822.6871438701947,129.08736926674842,95.0824862577734,2.7681570053100586,405.6175231933594
77300,823.747356748581,152.8625499880314,104.0745287518138,0.9849225282669067,420.2735900878906
77400,824.8506724357605,147.78261995851994,93.85386047970003,0.9912861585617065,362.1573181152344
77500,825.9719028830528,148.35404030561446,106.50378733260446,3.7802577018737793,432.8161926269531
77600,827.065608561039,144.01964494228363,101.73836274946989,0.0,397.3727111816406
77700,828.1658996780714,139.46209743142128,92.04122635773567,1.8939085006713867,391.3947448730469
77800,829.2839599053065,142.81409505784512,102.75794780886413,0.9813039302825928,403.744873046875
77900,830.3814335624377,142.0281558740139,100.55950342925131,2.8928303718566895,400.7028503417969
78000,831.4807307839394,141.4840134525299,103.29299447438767,2.819216251373291,429.753173828125
78100,832.5446746031444,144.78823413670062,107.57499490713042,0.9897865056991577,409.9200134277344
78200,833.6225234389306,136.96913044691087,96.5881243535654,2.8623135089874268,386.20806884765625
78300,834.6908369580905,160.4200527179241,102.93197607314308,3.6865789890289307,424.3284606933594
78400,835.7409511605898,143.02046188950538,99.21058787536553,0.969369649887085,420.29852294921875
78500,836.7930280248324,141.98008724093438,95.86751502020796,3.6802146434783936,416.73681640625
78600,837.8591237545013,147.79309961855412,96.5313472236601,0.970312237739563,421.0826721191406
78700,838.9370058576266,138.15377571105958,92.35559190236226,1.8659443855285645,366.6037292480469
78800,840.0117570638656,143.00838735461235,96.02165980321435,1.8904507160186768,391.8022766113281
78900,841.0865135550499,129.7899392390251,93.58865339866612,0.9904897212982178,402.87445068359375
79000,842.1657694458961,136.57532460570334,102.1846286731427,2.869579315185547,422.3515319824219
79100,843.228695845604,136.3456472826004,98.91837730727815,2.9156858921051025,406.8665771484375
79200,844.3121546785037,133.01512269735338,96.88744869185014,6.484775066375732,387.4020690917969
79300,845.3645948648452,146.4001236951351,99.39703655258174,1.9498989582061768,418.2088928222656
79400,846.4167486866315,130.05632762551306,91.26423204747232,1.9510092735290527,366.4461975097656
79500,847.4590044260025,146.01820639342068,102.57960620709642,0.9756450057029724,432.2255554199219
79600,848.5197772622108,144.63590943932533,100.79127342716032,0.993640661239624,415.60638427734375
79700,849.5549237012863,133.22650463312866,102.18973016462432,0.9688425064086914,378.81158447265625
79800,850.6217279712359,146.99623799443245,100.56115912445979,0.9805624485015869,416.46295166015625
79900,851.6830535650254,138.91751020908356,101.97987632220759,2.8497753143310547,411.28643798828125
80000,852.7578645586967,136.6702713215351,93.5152595979411,0.0,391.05450439453125
80100,853.8375503619512,133.76785178542139,100.47323408628728,2.757913827896118,386.93817138671875
80200,854.9177747726441,143.83227777957916,103.32109325617328,0.9585695266723633,403.61737060546875
80300,855.9968585173289,135.14266459465026,104.76614315195515,0.0,423.6886291503906
80400,857.0779381195704,137.05754933804275,97.61093551071195,0.9805532693862915,379.27630615234375
80500,858.1574634194374,138.96725149154662,99.1387797033195,2.8282947540283203,377.9750061035156
80600,859.2354047298431,136.44004915386438,98.79243395254748,0.9749048352241516,362.06219482421875
80700,860.3016697923342,126.05628100782633,98.07797586822814,0.9740954041481018,407.6864318847656
80800,861.370962703228,145.02332338869573,94.61513608694669,1.8664649724960327,409.4933776855469
80900,862.4529074390729,138.18967987179755,100.12409004251695,1.9266338348388672,420.84991455078125
81000,863.5304788629214,150.78283503890037,108.34664520271002,1.8647198677062988,418.0679626464844
81100,864.6058249155681,144.37603665590285,103.71523362305875,0.9804116487503052,376.3951416015625
81200,865.6830588181814,138.00729089438914,106.70540356064677,0.0,397.14727783203125
81300,866.7236245314281,147.78814736694096,96.60080466077088,0.9927928447723389,410.6405944824219
81400,867.7956762830416,140.5558321160078,95.50729096085944,1.8785125017166138,389.884521484375
81500,868.8734947721164,146.76337719500066,103.05850314132906,1.9539713859558105,410.50421142578125
81600,869.9557130455971,140.67298638820648,95.84982644998927,0.9618985652923584,380.5181884765625
81700,871.0336150248845,150.2915283894539,102.77373863134552,0.0,419.385986328125
81800,872.1169385910034,144.42300137639046,101.43126069092624,1.9492738246917725,418.2873840332031
81900,873.1720657428106,139.3185592186451,100.64088074069468,0.9866534471511841,423.5151672363281
82000,874.222982553641,145.61335883378982,105.09807036142044,2.8262267112731934,417.1949157714844
82100,875.3005591909091,140.21223519444465,100.8263183146736,0.9815434217453003,394.80682373046875
82200,876.3821384549141,136.3627260553837,95.5281781578758,1.9218127727508545,382.8675537109375
82300,877.4664770921071,143.109354955554,98.17587422301239,0.9763532876968384,382.6964416503906
82400,878.5270825306575,136.69036289423704,97.47561744861909,0.0,375.3699645996094
82500,879.5987741271655,154.7585404795408,99.07473699882354,1.91409432888031,396.0780029296875
82600,880.6864013870558,134.32985348284245,92.12889015106603,1.8809829950332642,401.36468505859375
82700,881.7542530616124,143.56511350899936,97.24012166745887,0.9894247055053711,396.4217834472656
82800,882.8178206046422,157.01614620506763,100.44662692702235,0.9946175813674927,403.06982421875
82900,883.8839581012726,139.7777210509777,96.03140274891761,1.8727786540985107,380.9661560058594
83000,884.9637881596883,139.41086020171642,101.79264868131013,1.9304927587509155,393.7879333496094
83100,886.0316862781842,154.13730509489775,102.13427718193344,0.98675936460495,414.90057373046875
83200,887.0905378739039,144.93640447378158,99.24008508379328,0.9705545902252197,405.89788818359375
83300,888.1653999328613,144.3312601658702,96.76870360867302,0.9800819754600525,418.2398681640625
83400,889.2148332556088,152.2296364673972,112.95855452809073,0.9873456358909607,421.28424072265625
83500,890.2758691589038,154.30491662025452,99.2052510952936,0.9769022464752197,431.6438903808594
83600,891.3393212676049,142.7178422820568,95.81702787846334,1.894578218460083,430.80682373046875
83700,892.4093161622683,134.39029229402541,93.0718036743571,0.0,387.7462158203125
83800,893.4898989240329,158.6790143108368,103.13059066648778,4.596850872039795,376.1860046386719
83900,894.5612527211507,146.0599775850773,97.06708301284318,1.8930778503417969,384.92889404296875
84000,895.6447425961494,161.08458731770514,105.04626286524133,2.782731294631958,427.73590087890625
84100,896.7168497959773,133.44358298003672,92.1787222325013,0.9788947105407715,357.3522033691406
84200,897.8015558520952,141.8464806228876,93.11636721892016,0.9831434488296509,408.91094970703125
84300,898.867731165886,139.72179429233074,98.96432680738218,0.9904924631118774,425.4674987792969
84400,899.9494680364927,142.01491181790828,100.77695626579775,0.0,400.38848876953125
84500,901.0315046151479,144.0577960908413,103.1208439325932,1.8903400897979736,395.5366516113281
84600,902.1204099535942,142.10166859149933,101.98427473458487,1.8682584762573242,412.9869384765625
84700,903.174389064312,146.58121391952037,101.5655983916557,0.983809232711792,404.5611877441406
84800,904.2378267963727,136.4819639325142,97.77685875891345,2.8384060859680176,425.4612731933594
84900,905.2955980738004,141.51433913230895,99.77184623299279,1.969296932220459,410.9466552734375
85000,906.3412365277608,139.41982130885125,101.50113384939823,0.0,407.32269287109375
85100,907.3761995236079,144.15109876692296,99.77845432701429,0.9834593534469604,411.6055603027344
85200,908.4380355238915,146.81890438258648,97.34007400091991,0.0,420.890869140625
85300,909.499255112807,145.58849022269249,102.77883566688998,1.9006471633911133,387.4012145996094
85400,910.5641003211339,136.89873123645782,98.38538807626746,0.9842503070831299,400.8978576660156
85500,911.6380229314168,135.3027758693695,95.70828510948853,0.0,384.3290100097656
85600,912.7235670765241,148.27109220266343,99.70169812235028,3.7772068977355957,398.054931640625
85700,913.8306685129802,130.84922125160693,100.02877902863283,0.9908667802810669,420.01263427734375
85800,914.9402157227198,130.98740400850772,94.54258877305506,0.9897326231002808,391.77996826171875
85900,916.0821298082669,149.5490415608883,102.78775374025463,1.850966215133667,406.39202880859375
86000,917.1787849783898,151.9079384893179,102.36957377979417,0.9641820192337036,414.3553161621094
86100,918.2713935732842,141.37531217515468,103.48015172318588,0.9594953060150146,410.998046875
86200,919.3742555618286,136.78987514734268,92.98027952866777,6.511758327484131,399.5757141113281
86300,920.5027172724406,133.21878600776196,94.8373771616018,0.9760712385177612,362.58050537109375
86400,921.6019562760989,141.5468242138624,105.36852347279088,0.0,417.68359375
86500,922.6823886752129,133.98021124839784,100.5622374186236,0.0,414.0455627441406
86600,923.7554477771123,142.36004914402963,93.98195488674233,0.9733790159225464,405.5765075683594
86700,924.8352772394816,140.4342923694849,101.7867539851784,0.971573531627655,407.9075927734375
86800,925.9419778386751,140.78259379029274,101.93047032080564,0.0,434.192138671875
86900,927.0251132766406,134.61390751838684,100.99953829281758,0.9786896705627441,407.0274963378906
87000,928.1025183200836,141.98762585401536,102.3217258538147,2.869746685028076,406.7930603027344
87100,929.172821811835,153.30204212725164,105.31842264849516,0.9592760801315308,422.95843505859375
87200,930.2613360842068,141.75254845619202,92.455721218451,7.505627632141113,411.68096923828125
87300,931.3534984985987,143.7205650627613,93.74967665724974,2.905459403991699,408.5845031738281
87400,932.46366969347,145.68521715164184,98.78848684510167,1.8811533451080322,409.368896484375
87500,933.5830940564473,123.453474034369,100.54698875306082,0.983514130115509,410.28985595703125
87600,934.6880470871926,144.71947394132613,100.73117715786042,2.7753701210021973,415.6187744140625
87700,935.8050699114799,152.3899310067296,102.19104100670353,0.9861037731170654,418.7807312011719
87800,936.968358763059,135.24277276426554,94.38273411776098,0.9912539124488831,405.66021728515625
87900,938.1275851051013,143.6330855500698,100.9411999322842,0.9922400712966919,409.7776184082031
88000,939.2618173082669,143.0755194556713,95.93099971618403,0.9929053783416748,390.0755615234375
88100,940.3632942398389,147.81721004128457,106.1041533547082,2.8415634632110596,411.9312744140625
88200,941.4702557325363,144.78753503322602,104.93268128893176,4.65614128112793,423.2843017578125
88300,942.5565133770307,152.3623158109188,103.74673436618876,0.9760363101959229,395.21331787109375
88400,943.6355164686839,151.09071887135505,108.9873795390325,1.916020154953003,407.2494812011719
88500,944.7197907964388,144.56068714559078,105.23394709515789,1.8760148286819458,411.7173767089844
88600,945.8131567915281,135.34701105237008,93.09022031103996,1.83952796459198,373.4790954589844
88700,946.9116273800532,154.4122209817171,108.19721974002066,0.9881763458251953,412.6336975097656
88800,948.0083375930786,134.2352277034521,94.68219788295852,0.970014214515686,373.30096435546875
88900,949.1209339658419,140.7777088266611,93.6313139492834,0.9953829050064087,397.2794189453125
89000,950.2226076801618,127.27091355979442,96.88571199143703,0.9881399869918823,418.4972839355469
89100,951.3135572830836,140.93338117480278,98.91595585654629,1.9151196479797363,425.70904541015625
89200,952.3910602887471,151.70630541801452,101.22102349505667,0.9853661060333252,382.080078125
89300,953.5122189005216,130.28670180529355,94.02586183092562,0.9709005355834961,377.3323974609375
89400,954.6631234169006,139.54466698527335,96.00568429350358,0.9735434055328369,408.51654052734375
89500,955.790474875768,135.65776749521493,96.0509288246951,0.9725044965744019,363.16796875
89600,956.866372859478,139.82870920181276,98.87128663102472,0.9802374839782715,408.4944152832031
89700,957.9435401519139,132.34252706080676,104.27336279696897,0.0,418.7725524902344
89800,959.0324007471403,135.01005460441112,103.26137351753196,0.9774829149246216,405.8255615234375
89900,960.0980359156927,138.50526537120342,99.57475495224278,0.9716115593910217,400.3363037109375
90000,961.1798314332962,154.55535800457,97.17290643958502,1.8647661209106445,411.5641784667969
90100,962.2309111396472,158.74805148363114,104.91653902318427,0.9918807744979858,431.1192626953125
90200,963.3057386835416,143.52252546846867,100.3435738463018,0.9827982187271118,429.3201599121094
90300,964.3704610745112,136.5512860265374,97.67549117563279,0.9852109551429749,419.51727294921875
90400,965.4543533245723,148.09744140148163,101.17573919992029,0.9940252304077148,394.006103515625
90500,966.5004104097684,136.7305150204897,104.62386259466767,1.8545628786087036,430.37249755859375
90600,967.5680006345113,140.6316629743576,92.81564726992058,1.93963623046875,415.278076171875
90700,968.6248280088107,155.5110941386223,106.13045597240439,2.7318496704101562,418.2018737792969
90800,969.6609836777051,147.28080852150916,98.16183851018793,0.982501745223999,418.04254150390625
90900,970.7475490570068,154.79385257482528,98.89314195498855,3.5647501945495605,431.6802673339844
91000,971.7967055320739,132.34475419491528,95.45068436819831,0.9724476933479309,386.0105895996094
91100,972.8471585353216,135.53540227144956,95.60086147334691,0.9822410941123962,354.3316955566406
91200,973.8896899859111,159.1601251423359,110.8508425941797,0.982276439666748,420.40777587890625
91300,974.9511378804842,152.978239210248,103.1851955732775,0.9821673631668091,411.7704162597656
91400,976.0095534761747,138.4405559039116,100.24898882030548,0.0,397.8932800292969
91500,977.0431153694789,142.1314802801609,97.79615321096415,2.8719100952148438,417.19635009765625
91600,978.0985576589902,144.41862825036048,98.76736948138979,1.8972012996673584,418.4022521972656
91700,979.1575633366903,153.1699275434017,97.60533358443773,2.8024957180023193,405.3558044433594
91800,980.2023870865504,129.13407697081567,93.65321726322519,1.9130730628967285,396.6507263183594
91900,981.2690481503804,138.98927945464848,100.27700003040492,0.9906286597251892,400.8653564453125
92000,982.3246150493621,140.0906018745899,106.33283259736493,1.8946890830993652,419.60406494140625
92100,983.3750624656677,147.43812807142734,101.991800905562,0.9851444959640503,427.78045654296875
92200,984.453500854969,139.69341752827168,93.02627319554803,0.985465407371521,387.36077880859375
92300,985.5398571689924,145.16776126861572,94.88466397460236,3.6741957664489746,377.8963928222656
92400,986.6122499744098,133.79127611994744,96.08410943241167,2.791215181350708,427.8703918457031
92500,987.6743279178937,146.3465381860733,95.03663356295529,0.9906139373779297,421.1806640625
92600,988.7337571382523,148.30806971788405,97.69306308445319,1.9006458520889282,409.4686584472656
92700,989.8110220551491,146.20953689783812,105.43634136564698,0.9869830012321472,410.554931640625
92800,990.9080983638763,143.93307917177677,103.38051107755568,0.985777735710144,425.11083984375
92900,991.9730321685473,147.1897083851695,101.45126196029715,0.9741223454475403,383.94305419921875
93000,993.0253674427669,153.91600647449494,104.76370208650104,3.64760160446167,420.15936279296875
93100,994.0897509177526,146.2414481329918,97.84622442563311,0.0,419.1545715332031
93200,995.1250688592593,145.82192492187022,100.00002309032158,0.9742254018783569,403.5964660644531
93300,996.1884215990702,146.81378592997788,102.54409282637748,0.9869704246520996,403.7434387207031
93400,997.2401910662651,145.09281635403633,99.82691891804855,0.9875016212463379,399.45733642578125
93500,998.2944723447164,145.10450321644544,99.40550814070447,0.9913551211357117,371.9311218261719
93600,999.373947930336,138.0688648223877,98.35092274413556,0.0,411.8462219238281
93700,1000.4397240678469,140.55766165941952,103.98512123331729,0.9691681265830994,429.928466796875
93800,1001.5076267917951,134.62163694620133,96.98129617217926,0.0,418.84454345703125
93900,1002.562205016613,140.2012433731556,100.69124366780987,1.866098403930664,413.4549560546875
94000,1003.6141377528509,144.11864508092404,109.14631245190667,1.9592479467391968,411.9627380371094
94100,1004.676239669323,149.34622948378325,102.61537200997522,0.9921531081199646,403.928955078125
94200,1005.7380570252736,143.86514625906943,97.38607410521351,2.7841551303863525,415.7562255859375
94300,1006.820613348484,155.3475732845068,104.43429370996918,1.8894590139389038,414.45306396484375
94400,1007.8750603278478,146.26952202916146,98.20786351462408,0.9814189672470093,403.0091247558594
94500,1008.9321281592051,148.52401886224746,100.7450710718006,1.895017147064209,386.159423828125
94600,1009.9838050882022,140.80072160363198,103.13288389742874,2.8406975269317627,400.26434326171875
94700,1011.0518212000529,134.73375706404448,89.24308205855992,0.9876412749290466,371.4092102050781
94800,1012.107015033563,155.62468799471856,104.30516372097415,0.9872033596038818,409.968994140625
94900,1013.1892797231674,147.6483746355772,98.29097848151744,0.9558085203170776,407.2178649902344
95000,1014.2512980063756,147.39983646959067,103.58438229906373,0.976464033126831,398.69598388671875
95100,1015.3044213096301,140.76514296233654,92.73219582366609,1.948875069618225,416.42572021484375
95200,1016.3807279547055,134.37601461529732,95.19246775285302,1.8943145275115967,407.617431640625
95300,1017.4507770379385,140.48296044766903,105.19384677145648,1.9099233150482178,421.9645080566406
95400,1018.5147168040276,136.67611797243356,97.84468005706808,0.9881097078323364,432.3135986328125
95500,1019.5746354818344,137.23107800662518,90.31513426836956,0.9959979057312012,376.1164855957031
95600,1020.6098935763041,145.72838432997466,103.21862392829676,0.0,386.48748779296875
95700,1021.6906765063603,158.55661841928958,102.9884706608921,0.9909347295761108,392.6748046875
95800,1022.7455538352331,139.4840252456069,102.96393137146991,0.9783288240432739,392.43267822265625
95900,1023.8042744517327,144.95734410047532,98.95744919304767,0.9911553859710693,405.81927490234375
96000,1024.8423305908839,141.67952626764773,100.00886594093333,0.9914406538009644,429.43499755859375
96100,1025.9031122287115,139.03915213257073,99.88512744672124,0.9926487803459167,406.46478271484375
96200,1026.9807857513429,145.15164130479099,109.00033290384414,0.9848881363868713,421.1493835449219
96300,1028.0684615294138,128.962374740839,95.99216392182853,1.9203746318817139,398.27911376953125
96400,1029.1429723620415,145.92432535171508,102.5357609913416,1.8709888458251953,423.95819091796875
96500,1030.2259169220924,150.14309537112712,98.11642383163283,0.9965993165969849,386.09716796875
96600,1031.3227947751682,132.3910968708992,97.32325172882514,1.8956940174102783,401.86505126953125
96700,1032.381767574946,137.58027563005686,95.60605494188437,0.9791375398635864,398.65277099609375
96800,1033.4516670862834,130.80064355432987,98.86949345034687,0.9685513973236084,398.4996337890625
96900,1034.521459611257,143.21438183039427,101.80494922939604,0.9843963980674744,415.9950256347656
97000,1035.5656316876411,148.959519084692,101.93342769593016,1.9642555713653564,427.5728759765625
97100,1036.6004420518875,139.4054694199562,99.51192340420404,4.670831203460693,420.79962158203125
97200,1037.665519452095,147.11316916525365,106.75656539390647,1.9421721696853638,429.0387878417969
97300,1038.7212243040403,152.12379885733128,100.51205458489177,1.8607821464538574,397.2543640136719
97400,1039.7798453132311,146.23812600016595,97.6236240299973,1.9250118732452393,427.99224853515625
97500,1040.8354222257933,146.00082993775607,95.92961480693734,0.9821949601173401,426.6528625488281
97600,1041.883097187678,141.37740368783474,102.92632529081224,0.9812527894973755,405.7536926269531
97700,1042.9475329041481,134.58371606826782,94.43814706613581,0.9672791957855225,394.2788391113281
97800,1043.9988042235375,138.8789609491825,98.98340863317384,0.9756109714508057,392.70947265625
97900,1045.0479879776638,151.54517108231784,101.49300974368869,0.9904338717460632,390.1599426269531
98000,1046.1156650066375,144.09348676979542,97.80900041045994,0.9676909446716309,437.9236755371094
98100,1047.1682609558106,145.16345955252646,101.72511507026306,1.8929822444915771,390.04278564453125
98200,1048.2057511687278,158.81223860263825,97.88463477553485,0.0,414.5036926269531
98300,1049.2451958696047,129.7212386277318,96.11797499841977,0.9745481610298157,423.6952209472656
98400,1050.2888889630635,160.3307709002495,101.40108004396976,2.892282009124756,403.1954040527344
98500,1051.369829614957,147.1970069694519,102.62996574656468,1.955263614654541,410.9560852050781
98600,1052.4444699645042,141.69537583112717,102.72316298576638,2.7795157432556152,393.00433349609375
98700,1053.515524371465,137.98583012253047,101.36383730158683,0.986031711101532,400.47308349609375
98800,1054.5794082045554,152.4923285961151,104.5930844917302,1.9505336284637451,432.0600891113281
98900,1055.6597908655801,129.241966458261,97.7300788494708,0.0,404.2560119628906
99000,1056.73331832091,135.5302037858963,99.35382308994764,2.810731887817383,407.3944091796875
99100,1057.7954724232357,144.5700447371602,101.84295208297712,0.0,416.78106689453125
99200,1058.861639324824,140.86549334555863,96.11273262024416,0.9856751561164856,399.1983642578125
99300,1059.9128796140353,145.81211826473475,100.08079828838254,0.9773306250572205,381.858642578125
99400,1060.9785186052322,137.49865922927856,95.07191599166215,0.0,384.2519226074219
99500,1062.0212366660437,140.53430584847928,95.85462659889997,1.8561590909957886,410.18658447265625
99600,1063.0855150381724,142.60303067088128,92.96495772243917,0.9802873134613037,426.107177734375
99700,1064.1545251290004,150.1159272682667,100.71198349660533,1.9132685661315918,434.5320739746094
99800,1065.2256683309872,139.19131674349308,98.88490592403065,1.9655662775039673,442.92498779296875
99900,1066.3071573694547,147.48713205516339,101.93093087928798,1.9375182390213013,397.6078796386719
100000,1067.3761242707571,136.53959513038396,105.76858490911816,0.9889017939567566,440.1533203125
